fake_unit_id,year,district_code,ENAME,unchanged_90pt,CACODE,votes_pro_demo,votes_pro_est,votes_independent,total,uncontested_candidate_ideo
FAKE1,2011,D16,Bays Area,0,D16,309,970,NA,1279,NA
FAKE1,2015,D16,Bays Area,0,D16,NA,957,474,1431,NA
FAKE1,2019,D16,Bays Area,0,D16,807,1882,NA,2689,NA
FAKE1,2011,D17,Stanley & Shek O,1,D17,NA,3236,NA,3236,NA
FAKE1,2015,D17,Stanley & Shek O,1,D17,NA,408,2584,2992,NA
FAKE1,2019,D17,Stanley & Shek O,1,D17,2680,NA,2695,5375,NA
FAKE10,2011,J22,Chui Cheung,0,J22,196,1599,1823,3618,NA
FAKE10,2015,J23,Chui Cheung,0,J23,NA,2654,2918,5572,NA
FAKE10,2019,NA,Chui Cheung,0,NA,NA,NA,NA,NA,NA
FAKE10,2019,J22,Chun Cheung,0,J22,NA,2721,4480,7201,NA
FAKE10,2011,NA,Chun Cheung,0,NA,NA,NA,NA,NA,NA
FAKE10,2015,NA,Chun Cheung,0,NA,NA,NA,NA,NA,NA
FAKE10,2019,J24,Yau Chui,0,J24,2640,2857,605,6102,NA
FAKE10,2011,NA,Yau Chui,0,NA,NA,NA,NA,NA,NA
FAKE10,2015,NA,Yau Chui,0,NA,NA,NA,NA,NA,NA
FAKE10,2011,J21,Yau Lai,0,J21,811,1460,NA,2271,NA
FAKE10,2015,J22,Yau Lai,0,J22,1264,NA,2232,3496,NA
FAKE10,2019,J25,Yau Lai,0,J25,NA,NA,5600,5600,NA
FAKE10,2011,J20,Yau Tong East,0,J20,1108,4050,NA,5158,NA
FAKE10,2019,J23,Yau Tong East,0,J23,NA,2972,2997,5969,NA
FAKE10,2015,NA,Yau Tong East,0,J21,NA,3511,NA,3511,pro-establishment
FAKE11,2011,R17,Chui Ka,0,R17,NA,1801,1519,3320,NA
FAKE11,2015,R18,Chui Ka,0,R18,2433,1029,1068,4530,NA
FAKE11,2019,R19,Chui Ka,0,R19,4854,3385,33,8272,NA
FAKE11,2011,NA,Wan Shing,0,NA,NA,NA,NA,NA,NA
FAKE11,2015,R15,Wan Shing,0,R15,NA,1989,1889,3878,NA
FAKE11,2019,R16,Wan Shing,0,R16,3869,2745,212,6826,NA
FAKE12,2011,R23,Chung On,0,R23,NA,2455,1721,4176,NA
FAKE12,2015,R24,Chung On,0,R24,2506,2376,NA,4882,NA
FAKE12,2019,R26,Chung On,0,R26,4665,2993,NA,7658,NA
FAKE12,2011,NA,Hoi Nam,0,NA,NA,NA,NA,NA,NA
FAKE12,2015,NA,Hoi Nam,0,NA,NA,NA,NA,NA,NA
FAKE12,2019,R25,Hoi Nam,0,R25,3019,NA,1615,4634,NA
FAKE12,2011,R31,On Tai,0,R31,1956,2417,NA,4373,NA
FAKE12,2015,R33,On Tai,0,R33,2647,3657,NA,6304,NA
FAKE12,2019,R36,On Tai,0,R36,4419,3163,53,7635,NA
FAKE12,2011,R29,Yiu On,1,R29,1688,3039,231,4958,NA
FAKE12,2015,R31,Yiu On,1,R31,NA,3021,2071,5092,NA
FAKE12,2019,R33,Yiu On,1,R33,5953,3727,NA,9680,NA
FAKE13,2011,M15,Chung Wah,0,M15,446,1349,NA,1795,NA
FAKE13,2015,M18,Chung Wah,0,M18,NA,1775,965,2740,NA
FAKE13,2019,M25,Chung Wah,0,M25,NA,2680,3659,6339,NA
FAKE13,2011,M14,Shui Wah,1,M14,666,2719,NA,3385,NA
FAKE13,2015,M17,Shui Wah,1,M17,NA,3575,NA,3575,NA
FAKE13,2019,M24,Shui Wah,1,M24,3955,NA,2792,6747,NA
FAKE14,2011,NA,Do Shin,0,NA,NA,NA,NA,NA,NA
FAKE14,2015,Q08,Do Shin,0,Q08,572,NA,2364,2936,NA
FAKE14,2019,Q08,Do Shin,0,Q08,1741,NA,3495,5236,NA
FAKE14,2011,NA,Kin Ming,0,NA,NA,NA,NA,NA,NA
FAKE14,2019,Q07,Kin Ming,0,Q07,5414,1953,NA,7367,NA
FAKE14,2015,Q09,Kin Ming,0,Q09,3719,710,NA,4429,NA
FAKE14,2015,NA,Kin Shin,0,NA,NA,NA,NA,NA,NA
FAKE14,2019,NA,Kin Shin,0,NA,NA,NA,NA,NA,NA
FAKE14,2011,Q08,Kin Shin,0,Q08,3096,482,261,3839,NA
FAKE14,2011,NA,Wai Do,0,Q07,NA,NA,2200,2200,independent
FAKE14,2015,NA,Wai Do,0,NA,NA,NA,NA,NA,NA
FAKE14,2019,NA,Wai Do,0,NA,NA,NA,NA,NA,NA
FAKE14,2011,NA,Wai King,0,NA,NA,NA,NA,NA,NA
FAKE14,2015,Q07,Wai King,0,Q07,NA,NA,3371,3371,NA
FAKE14,2019,Q09,Wai King,0,Q09,3199,NA,3091,6290,NA
FAKE15,2015,E17,East Tsim Sha Tsui & King's Park,0,E17,NA,NA,1533,1533,NA
FAKE15,2019,E17,East Tsim Sha Tsui & King's Park,0,E17,NA,NA,3312,3312,NA
FAKE15,2011,NA,East Tsim Sha Tsui & King's Park,0,NA,NA,NA,NA,NA,NA
FAKE15,2011,E16,King's Park,0,E16,1043,1210,296,2549,NA
FAKE15,2015,NA,King's Park,0,NA,NA,NA,NA,NA,NA
FAKE15,2019,NA,King's Park,0,NA,NA,NA,NA,NA,NA
FAKE15,2011,E06,Mong Kok West,0,E06,NA,2494,137,2631,NA
FAKE15,2019,E06,Mong Kok West,0,E06,1787,NA,2102,3889,NA
FAKE15,2015,NA,Mong Kok West,0,E06,NA,NA,3260,3260,independent
FAKE15,2015,E18,Tsim Sha Tsui Central,0,E18,NA,NA,1585,1585,NA
FAKE15,2019,E20,Tsim Sha Tsui Central,0,E20,1533,1167,NA,2700,NA
FAKE15,2011,NA,Tsim Sha Tsui Central,0,NA,NA,NA,NA,NA,NA
FAKE15,2011,E17,Tsim Sha Tsui East,0,E17,529,1037,647,2213,NA
FAKE15,2015,NA,Tsim Sha Tsui East,0,NA,NA,NA,NA,NA,NA
FAKE15,2019,NA,Tsim Sha Tsui East,0,NA,NA,NA,NA,NA,NA
FAKE15,2011,E04,Yau Ma Tei,0,E04,1506,2242,NA,3748,NA
FAKE15,2015,NA,Yau Ma Tei,0,NA,NA,NA,NA,NA,NA
FAKE15,2019,NA,Yau Ma Tei,0,NA,NA,NA,NA,NA,NA
FAKE15,2015,E16,Yau Ma Tei North,0,E16,1682,689,NA,2371,NA
FAKE15,2019,E16,Yau Ma Tei North,0,E16,2573,NA,1243,3816,NA
FAKE15,2011,NA,Yau Ma Tei North,0,NA,NA,NA,NA,NA,NA
FAKE15,2015,E04,Yau Ma Tei South,0,E04,1298,2124,NA,3422,NA
FAKE15,2019,E04,Yau Ma Tei South,0,E04,2984,2432,NA,5416,NA
FAKE15,2011,NA,Yau Ma Tei South,0,NA,NA,NA,NA,NA,NA
FAKE16,2015,M31,Fairview Park,0,M31,NA,NA,3566,3566,NA
FAKE16,2019,M35,Fairview Park,0,M35,NA,3211,4601,7812,NA
FAKE16,2011,NA,Fairview Park,0,M27,NA,3211,NA,3211,pro-establishment
FAKE16,2011,M28,San Tin,1,M28,776,NA,1865,2641,NA
FAKE16,2015,M32,San Tin,1,M32,NA,NA,3479,3479,NA
FAKE16,2019,M36,San Tin,1,M36,NA,NA,4610,4610,NA
FAKE17,2011,R21,Fo Tan,0,R21,522,1640,295,2457,NA
FAKE17,2015,R22,Fo Tan,0,R22,1250,NA,1905,3155,NA
FAKE17,2019,R23,Fo Tan,0,R23,3550,NA,2716,6266,NA
FAKE17,2011,R20,Sui Wo,0,R20,781,1950,317,3048,NA
FAKE17,2015,R21,Sui Wo,0,R21,1984,2160,101,4245,NA
FAKE17,2019,R22,Sui Wo,0,R22,4054,2879,NA,6933,NA
FAKE18,2011,F10,Fortune,0,F10,2183,1092,NA,3275,NA
FAKE18,2015,F11,Fortune,0,F11,2137,1898,NA,4035,NA
FAKE18,2019,F11,Fortune,0,F11,2668,2604,NA,5272,NA
FAKE18,2011,F08,Fu Cheong,0,F08,1990,2235,NA,4225,NA
FAKE18,2015,F09,Fu Cheong,0,F09,2130,2973,NA,5103,NA
FAKE18,2019,F09,Fu Cheong,0,F09,NA,4097,4281,8378,NA
FAKE18,2019,F13,Lai Chi Kok Central,0,F13,4503,2584,NA,7087,NA
FAKE18,2015,F16,Lai Chi Kok Central,0,F16,2353,2229,NA,4582,NA
FAKE18,2011,NA,Lai Chi Kok Central,0,NA,NA,NA,NA,NA,NA
FAKE18,2011,F15,Lai Chi Kok North,0,F15,1159,NA,1946,3105,NA
FAKE18,2015,F17,Lai Chi Kok North,0,F17,1173,NA,941,2114,NA
FAKE18,2019,F18,Lai Chi Kok North,0,F18,2738,1372,NA,4110,NA
FAKE18,2011,F11,Lai Chi Kok South,1,F11,3507,968,NA,4475,NA
FAKE18,2015,F12,Lai Chi Kok South,1,F12,3477,1191,94,4762,NA
FAKE18,2019,F14,Lai Chi Kok South,1,F14,5292,3145,NA,8437,NA
FAKE18,2019,F12,Pik Wui,0,F12,1462,1150,120,2732,NA
FAKE18,2011,NA,Pik Wui,0,NA,NA,NA,NA,NA,NA
FAKE18,2015,NA,Pik Wui,0,NA,NA,NA,NA,NA,NA
FAKE19,2011,NA,Fu Lung,0,R27,NA,2019,NA,2019,pro-establishment
FAKE19,2015,R28,Fu Lung,0,R28,3027,2730,NA,5757,NA
FAKE19,2019,R31,Fu Lung,0,R31,5816,3441,NA,9257,NA
FAKE19,2011,R26,Lee On,0,R26,2680,2361,NA,5041,NA
FAKE19,2015,R27,Lee On,0,R27,3938,1767,33,5738,NA
FAKE19,2019,R30,Lee On,0,R30,NA,NA,8143,8143,NA
FAKE19,2011,NA,Wu Kai Sha,0,NA,NA,NA,NA,NA,NA
FAKE19,2015,R29,Wu Kai Sha,0,R29,1567,1121,NA,2688,NA
FAKE19,2019,R29,Wu Kai Sha,0,R29,NA,2469,4417,6886,NA
FAKE2,2011,R34,Bik Woo,0,R34,2815,2052,NA,4867,NA
FAKE2,2015,R36,Bik Woo,0,R36,1490,2352,1151,4993,NA
FAKE2,2019,R39,Bik Woo,0,R39,4280,3457,NA,7737,NA
FAKE2,2011,NA,Di Yee,0,NA,NA,NA,NA,NA,NA
FAKE2,2015,NA,Di Yee,0,NA,NA,NA,NA,NA,NA
FAKE2,2019,R38,Di Yee,0,R38,830,1923,1666,4419,NA
FAKE2,2011,R35,Kwong Hong,1,R35,1478,1808,NA,3286,NA
FAKE2,2015,R37,Kwong Hong,1,R37,1828,2034,1028,4890,NA
FAKE2,2019,R40,Kwong Hong,1,R40,3333,2081,401,5815,NA
FAKE20,2011,L14,Fu Sun,0,L14,NA,NA,2458,2458,NA
FAKE20,2015,L14,Fu Sun,0,L14,NA,2493,2392,4885,NA
FAKE20,2019,L19,Fu Sun,0,L19,NA,3599,5486,9085,NA
FAKE20,2011,L20,Lung Mun,1,L20,1537,2310,NA,3847,NA
FAKE20,2019,L21,Lung Mun,1,L21,NA,2931,4410,7341,NA
FAKE20,2015,NA,Lung Mun,1,L20,NA,2621,NA,2621,pro-establishment
FAKE21,2011,L28,Fu Tai,0,L28,2433,2771,NA,5204,NA
FAKE21,2015,L28,Fu Tai,0,L28,NA,2823,1044,3867,NA
FAKE21,2019,L30,Fu Tai,0,L30,NA,3461,5590,9051,NA
FAKE21,2015,L29,Tuen Mun Rural,0,L29,NA,NA,2372,2372,NA
FAKE21,2019,L29,Tuen Mun Rural,0,L29,NA,NA,6310,6310,NA
FAKE21,2011,NA,Tuen Mun Rural,0,L29,NA,2673,NA,2673,pro-establishment
FAKE22,2019,M03,Fung Cheung,0,M03,NA,6280,NA,6280,NA
FAKE22,2011,M06,Fung Cheung,0,M06,1845,1580,NA,3425,NA
FAKE22,2015,M07,Fung Cheung,0,M07,NA,3598,163,3761,NA
FAKE22,2011,M01,Fung Nin,0,M01,800,2361,NA,3161,NA
FAKE22,2015,M01,Fung Nin,0,M01,NA,3406,NA,3406,NA
FAKE22,2019,M01,Fung Nin,0,M01,3476,3003,NA,6479,NA
FAKE22,2011,M04,Pek Long,0,M04,2554,1302,NA,3856,NA
FAKE22,2015,M04,Pek Long,0,M04,2890,2013,NA,4903,NA
FAKE22,2019,M08,Pek Long,0,M08,4382,2584,NA,6966,NA
FAKE22,2019,M05,Shap Pat Heung Central,0,M05,NA,NA,6625,6625,NA
FAKE22,2011,NA,Shap Pat Heung Central,0,NA,NA,NA,NA,NA,NA
FAKE22,2015,NA,Shap Pat Heung Central,0,M09,NA,NA,6625,6625,independent
FAKE22,2019,M11,Shap Pat Heung East,0,M11,1838,NA,1988,3826,NA
FAKE22,2011,NA,Shap Pat Heung East,0,NA,NA,NA,NA,NA,NA
FAKE22,2015,NA,Shap Pat Heung East,0,M08,NA,NA,1988,1988,independent
FAKE22,2019,M10,Shap Pat Heung North,0,M10,NA,NA,3498,3498,NA
FAKE22,2011,NA,Shap Pat Heung North,0,M07,NA,NA,3498,3498,independent
FAKE22,2015,NA,Shap Pat Heung North,0,NA,NA,NA,NA,NA,NA
FAKE22,2011,M08,Shap Pat Heung South,0,M08,NA,NA,5497,5497,NA
FAKE22,2015,NA,Shap Pat Heung South,0,NA,NA,NA,NA,NA,NA
FAKE22,2019,NA,Shap Pat Heung South,0,NA,NA,NA,NA,NA,NA
FAKE22,2019,M12,Shap Pat Heung West,0,M12,3391,NA,3424,6815,NA
FAKE22,2011,NA,Shap Pat Heung West,0,NA,NA,NA,NA,NA,NA
FAKE22,2015,NA,Shap Pat Heung West,0,M10,NA,NA,3424,3424,independent
FAKE22,2019,M02,Yuen Long Centre,0,M02,NA,4434,NA,4434,NA
FAKE22,2011,M05,Yuen Long Centre,0,M05,756,1912,NA,2668,NA
FAKE22,2015,M05,Yuen Long Centre,0,M05,NA,NA,2664,2664,NA
FAKE22,2019,M09,Yuen Long Tung Tau,0,M09,2377,1614,NA,3991,NA
FAKE22,2011,NA,Yuen Long Tung Tau,0,NA,NA,NA,NA,NA,NA
FAKE22,2015,NA,Yuen Long Tung Tau,0,NA,NA,NA,NA,NA,NA
FAKE22,2019,M04,Yuen Lung,0,M04,3177,2281,7,5465,NA
FAKE22,2015,M06,Yuen Lung,0,M06,NA,3013,NA,3013,NA
FAKE22,2011,NA,Yuen Lung,0,NA,NA,NA,NA,NA,NA
FAKE23,2011,N14,Fung Tsui,0,N14,NA,NA,3515,3515,NA
FAKE23,2015,N15,Fung Tsui,0,N15,NA,1649,2441,4090,NA
FAKE23,2019,N15,Fung Tsui,0,N15,NA,2963,3630,6593,NA
FAKE23,2011,N12,Shek Wu Hui,1,N12,1663,2070,NA,3733,NA
FAKE23,2015,N13,Shek Wu Hui,1,N13,2390,1760,90,4240,NA
FAKE23,2019,N13,Shek Wu Hui,1,N13,3926,2684,469,7079,NA
FAKE23,2011,N08,Sheung Shui Rural,0,N08,NA,2293,2211,4504,NA
FAKE23,2015,N11,Sheung Shui Rural,0,N11,NA,2474,2934,5408,NA
FAKE23,2019,N11,Sheung Shui Rural,0,N11,NA,NA,5960,5960,NA
FAKE23,2011,N10,Yu Tai,0,N10,639,NA,1447,2086,NA
FAKE23,2015,N10,Yu Tai,0,N10,NA,2594,326,2920,NA
FAKE23,2019,N10,Yu Tai,0,N10,3378,2981,NA,6359,NA
FAKE24,2011,L13,Hanford,0,L13,1447,NA,2103,3550,NA
FAKE24,2015,L13,Hanford,0,L13,2597,NA,1814,4411,NA
FAKE24,2019,L14,Hanford,0,L14,3857,NA,1981,5838,NA
FAKE24,2011,L12,Sam Shing,0,L12,NA,1416,845,2261,NA
FAKE24,2015,L12,Sam Shing,0,L12,NA,1837,892,2729,NA
FAKE24,2019,L13,Sam Shing,0,L13,NA,2198,2834,5032,NA
FAKE24,2019,L12,So Kwun Wat,0,L12,1648,1448,NA,3096,NA
FAKE24,2011,NA,So Kwun Wat,0,NA,NA,NA,NA,NA,NA
FAKE24,2015,NA,So Kwun Wat,0,NA,NA,NA,NA,NA,NA
FAKE25,2019,S15,Hing Fong,0,S15,3101,2177,26,5304,NA
FAKE25,2011,S16,Hing Fong,0,S16,2143,2026,NA,4169,NA
FAKE25,2015,S16,Hing Fong,0,S16,2701,2629,NA,5330,NA
FAKE25,2011,S01,Kwai Hing,0,S01,2606,1944,NA,4550,NA
FAKE25,2015,S01,Kwai Hing,0,S01,2931,1139,NA,4070,NA
FAKE25,2019,S01,Kwai Hing,0,S01,3532,1408,NA,4940,NA
FAKE25,2011,NA,Kwai Luen,0,NA,NA,NA,NA,NA,NA
FAKE25,2015,NA,Kwai Luen,0,NA,NA,NA,NA,NA,NA
FAKE25,2019,S02,Kwai Luen,0,S02,3102,2296,34,5432,NA
FAKE26,2011,K03,Hoi Bun,0,K03,1129,NA,3237,4366,NA
FAKE26,2015,K03,Hoi Bun,0,K03,NA,NA,4573,4573,NA
FAKE26,2019,K04,Hoi Bun,0,K04,22,NA,9027,9049,NA
FAKE26,2011,K10,Lai Hing,0,K10,1045,2810,NA,3855,NA
FAKE26,2015,NA,Lai Hing,0,NA,NA,NA,NA,NA,NA
FAKE26,2019,NA,Lai Hing,0,NA,NA,NA,NA,NA,NA
FAKE26,2011,K01,Tak Wah,0,K01,639,NA,1863,2502,NA
FAKE26,2019,K01,Tak Wah,0,K01,1964,NA,1756,3720,NA
FAKE26,2015,NA,Tak Wah,0,K01,NA,NA,1810,1810,independent
FAKE26,2015,K10,Ting Sham,0,K10,1606,1799,454,3859,NA
FAKE26,2019,K13,Ting Sham,0,K13,3489,2931,167,6587,NA
FAKE26,2011,NA,Ting Sham,0,NA,NA,NA,NA,NA,NA
FAKE26,2019,K03,Tsuen Wan South,0,K03,3261,2740,NA,6001,NA
FAKE26,2011,NA,Tsuen Wan South,0,NA,NA,NA,NA,NA,NA
FAKE26,2015,NA,Tsuen Wan South,0,NA,NA,NA,NA,NA,NA
FAKE26,2019,K05,Tsuen Wan West,0,K05,4718,2910,NA,7628,NA
FAKE26,2015,K11,Tsuen Wan West,0,K11,1500,2462,793,4755,NA
FAKE26,2011,NA,Tsuen Wan West,0,NA,NA,NA,NA,NA,NA
FAKE26,2011,K02,Yeung Uk Road,0,K02,703,2246,NA,2949,NA
FAKE26,2015,K02,Yeung Uk Road,0,K02,1233,2075,NA,3308,NA
FAKE26,2019,K02,Yeung Uk Road,0,K02,2788,2614,108,5510,NA
FAKE27,2011,NA,Hoi Chun,0,NA,NA,NA,NA,NA,NA
FAKE27,2015,NA,Hoi Chun,0,NA,NA,NA,NA,NA,NA
FAKE27,2019,Q10,Hoi Chun,0,Q10,2339,NA,1601,3940,NA
FAKE27,2011,NA,Kwan Po,0,NA,NA,NA,NA,NA,NA
FAKE27,2015,Q13,Kwan Po,0,Q13,784,NA,2084,2868,NA
FAKE27,2019,Q27,Kwan Po,0,Q27,3346,NA,2016,5362,NA
FAKE27,2011,Q12,Nam On,0,Q12,NA,812,3117,3929,NA
FAKE27,2015,Q14,Nam On,0,Q14,NA,985,3359,4344,NA
FAKE27,2019,Q26,Nam On,0,Q26,NA,2609,5524,8133,NA
FAKE27,2015,NA,Po Kwan,0,NA,NA,NA,NA,NA,NA
FAKE27,2019,NA,Po Kwan,0,NA,NA,NA,NA,NA,NA
FAKE27,2011,Q06,Po Kwan,0,Q06,1148,1623,934,3705,NA
FAKE27,2011,NA,Po Yee,0,NA,NA,NA,NA,NA,NA
FAKE27,2015,Q06,Po Yee,0,Q06,2361,1838,NA,4199,NA
FAKE27,2019,Q11,Po Yee,0,Q11,4121,2480,255,6856,NA
FAKE28,2011,Q13,Hong King,0,Q13,2531,1742,NA,4273,NA
FAKE28,2015,Q15,Hong King,0,Q15,3274,2446,NA,5720,NA
FAKE28,2019,Q16,Hong King,0,Q16,4037,2140,NA,6177,NA
FAKE28,2019,Q15,Kwong Ming,0,Q15,5240,3985,NA,9225,NA
FAKE28,2011,Q23,Kwong Ming,0,Q23,1404,2493,615,4512,NA
FAKE28,2015,Q25,Kwong Ming,0,Q25,1055,3373,777,5205,NA
FAKE28,2011,NA,Wai Yan,0,NA,NA,NA,NA,NA,NA
FAKE28,2015,NA,Wai Yan,0,NA,NA,NA,NA,NA,NA
FAKE28,2019,Q20,Wai Yan,0,Q20,3928,NA,2486,6414,NA
FAKE28,2011,Q17,Wan Hang,0,Q17,3014,1010,NA,4024,NA
FAKE28,2015,Q19,Wan Hang,0,Q19,3104,NA,2430,5534,NA
FAKE28,2019,Q21,Wan Hang,0,Q21,3755,NA,2008,5763,NA
FAKE29,2019,M14,Hung Fuk,0,M14,1780,1626,12,3418,NA
FAKE29,2011,NA,Hung Fuk,0,NA,NA,NA,NA,NA,NA
FAKE29,2015,NA,Hung Fuk,0,NA,NA,NA,NA,NA,NA
FAKE29,2019,M16,Ping Shan Central,0,M16,2479,NA,2294,4773,NA
FAKE29,2011,NA,Ping Shan Central,0,NA,NA,NA,NA,NA,NA
FAKE29,2015,NA,Ping Shan Central,0,M12,NA,NA,2294,2294,independent
FAKE29,2015,M13,Ping Shan North,0,M13,NA,NA,2282,2282,NA
FAKE29,2019,M34,Ping Shan North,0,M34,NA,NA,4440,4440,NA
FAKE29,2011,NA,Ping Shan North,0,M10,NA,NA,124,124,independent
FAKE29,2011,M09,Ping Shan South,1,M09,NA,2187,1394,3581,NA
FAKE29,2019,M13,Ping Shan South,1,M13,3172,NA,2817,5989,NA
FAKE29,2015,NA,Ping Shan South,1,M11,NA,2187,NA,2187,pro-establishment
FAKE3,2011,E09,Cherry,0,E09,911,1281,NA,2192,NA
FAKE3,2015,E09,Cherry,0,E09,858,NA,1783,2641,NA
FAKE3,2019,E09,Cherry,0,E09,2014,NA,2310,4324,NA
FAKE3,2015,E07,Fu Pak,0,E07,2859,NA,1924,4783,NA
FAKE3,2019,E07,Fu Pak,0,E07,4748,NA,2844,7592,NA
FAKE3,2011,NA,Fu Pak,0,E07,NA,1281,NA,1281,pro-establishment
FAKE30,2011,G18,Hung Hom Bay,0,G18,640,1994,NA,2634,NA
FAKE30,2015,G20,Hung Hom Bay,0,G20,1740,NA,2020,3760,NA
FAKE30,2019,G21,Hung Hom Bay,0,G21,3554,NA,2866,6420,NA
FAKE30,2011,G17,Whampoa West,0,G17,958,1710,NA,2668,NA
FAKE30,2015,G19,Whampoa West,0,G19,2114,NA,2075,4189,NA
FAKE30,2019,G20,Whampoa West,0,G20,NA,NA,7625,7625,NA
FAKE31,2011,NA,Jat Chuen,0,NA,NA,NA,NA,NA,NA
FAKE31,2015,NA,Jat Chuen,0,NA,NA,NA,NA,NA,NA
FAKE31,2019,R10,Jat Chuen,0,R10,NA,2673,5280,7953,NA
FAKE31,2019,NA,Jat Min,0,NA,NA,NA,NA,NA,NA
FAKE31,2011,R09,Jat Min,0,R09,2296,2049,NA,4345,NA
FAKE31,2015,R09,Jat Min,0,R09,3221,1591,NA,4812,NA
FAKE31,2011,R08,Pok Hong,0,R08,1504,2781,NA,4285,NA
FAKE31,2015,R08,Pok Hong,0,R08,2859,2666,NA,5525,NA
FAKE31,2019,R08,Pok Hong,0,R08,6421,NA,2302,8723,NA
FAKE31,2011,NA,Shui Chuen O,0,NA,NA,NA,NA,NA,NA
FAKE31,2015,NA,Shui Chuen O,0,NA,NA,NA,NA,NA,NA
FAKE31,2019,R09,Shui Chuen O,0,R09,NA,3069,3115,6184,NA
FAKE32,2011,E02,Jordan East,0,E02,552,1504,222,2278,NA
FAKE32,2015,NA,Jordan East,0,NA,NA,NA,NA,NA,NA
FAKE32,2019,NA,Jordan East,0,NA,NA,NA,NA,NA,NA
FAKE32,2019,E18,Jordan North,0,E18,1423,1117,NA,2540,NA
FAKE32,2015,E19,Jordan North,0,E19,NA,941,386,1327,NA
FAKE32,2011,NA,Jordan North,0,NA,NA,NA,NA,NA,NA
FAKE32,2015,E02,Jordan South,0,E02,524,1531,NA,2055,NA
FAKE32,2019,E19,Jordan South,0,E19,1516,1451,NA,2967,NA
FAKE32,2011,NA,Jordan South,0,NA,NA,NA,NA,NA,NA
FAKE32,2011,E03,Jordan West,0,E03,447,2063,333,2843,NA
FAKE32,2019,E03,Jordan West,0,E03,2604,2233,NA,4837,NA
FAKE32,2015,NA,Jordan West,0,E03,1526,NA,NA,1526,pro-democracy
FAKE32,2019,E02,Kowloon Station,0,E02,1821,1928,82,3831,NA
FAKE32,2011,NA,Kowloon Station,0,NA,NA,NA,NA,NA,NA
FAKE32,2015,NA,Kowloon Station,0,NA,NA,NA,NA,NA,NA
FAKE32,2011,E01,Tsim Sha Tsui West,0,E01,NA,878,410,1288,NA
FAKE32,2015,E01,Tsim Sha Tsui West,0,E01,NA,1213,828,2041,NA
FAKE32,2019,E01,Tsim Sha Tsui West,0,E01,1003,788,313,2104,NA
FAKE33,2011,G11,Kai Tak,0,G11,1617,1261,NA,2878,NA
FAKE33,2015,NA,Kai Tak,0,NA,NA,NA,NA,NA,NA
FAKE33,2019,NA,Kai Tak,0,NA,NA,NA,NA,NA,NA
FAKE33,2019,G14,Kai Tak Central & South,0,G14,1367,NA,1574,2941,NA
FAKE33,2011,NA,Kai Tak Central & South,0,NA,NA,NA,NA,NA,NA
FAKE33,2015,NA,Kai Tak Central & South,0,NA,NA,NA,NA,NA,NA
FAKE33,2019,G13,Kai Tak East,0,G13,1835,2638,NA,4473,NA
FAKE33,2011,NA,Kai Tak East,0,NA,NA,NA,NA,NA,NA
FAKE33,2015,NA,Kai Tak East,0,NA,NA,NA,NA,NA,NA
FAKE33,2015,G12,Kai Tak North,0,G12,932,NA,2699,3631,NA
FAKE33,2019,G12,Kai Tak North,0,G12,NA,2480,2072,4552,NA
FAKE33,2011,NA,Kai Tak North,0,NA,NA,NA,NA,NA,NA
FAKE33,2015,G13,Kai Tak South,0,G13,763,NA,2199,2962,NA
FAKE33,2011,NA,Kai Tak South,0,NA,NA,NA,NA,NA,NA
FAKE33,2019,NA,Kai Tak South,0,NA,NA,NA,NA,NA,NA
FAKE33,2019,G02,Sung Wong Toi,0,G02,3406,1315,318,5039,NA
FAKE33,2015,G11,Sung Wong Toi,0,G11,2015,694,502,3211,NA
FAKE33,2011,NA,Sung Wong Toi,0,NA,NA,NA,NA,NA,NA
FAKE34,2019,M22,Kingswood South,0,M22,3882,NA,3159,7041,NA
FAKE34,2015,M29,Kingswood South,0,M29,1724,NA,2191,3915,NA
FAKE34,2011,NA,Kingswood South,0,M25,NA,NA,1223,1223,independent
FAKE34,2019,M19,Tin Yiu,0,M19,NA,2408,3940,6348,NA
FAKE34,2015,M28,Tin Yiu,0,M28,NA,1713,1552,3265,NA
FAKE34,2011,NA,Tin Yiu,0,M24,NA,1018,NA,1018,pro-establishment
FAKE34,2019,M21,Tsz Yau,0,M21,NA,2376,4238,6614,NA
FAKE34,2011,M23,Tsz Yau,0,M23,NA,2069,2459,4528,NA
FAKE34,2015,M26,Tsz Yau,0,M26,NA,1345,2438,3783,NA
FAKE34,2019,M20,Yiu Yau,0,M20,4027,2444,NA,6471,NA
FAKE34,2015,M27,Yiu Yau,0,M27,NA,1584,1255,2839,NA
FAKE34,2011,NA,Yiu Yau,0,NA,NA,NA,NA,NA,NA
FAKE35,2015,NA,Kwai Chung Estate Central,0,NA,NA,NA,NA,NA,NA
FAKE35,2019,NA,Kwai Chung Estate Central,0,NA,NA,NA,NA,NA,NA
FAKE35,2011,S06,Kwai Chung Estate Central,0,S06,1150,573,191,1914,NA
FAKE35,2011,NA,Kwai Chung Estate South,0,NA,NA,NA,NA,NA,NA
FAKE35,2015,S06,Kwai Chung Estate South,0,S06,NA,NA,4110,4110,NA
FAKE35,2019,S06,Kwai Chung Estate South,0,S06,NA,NA,7626,7626,NA
FAKE36,2019,J11,Kwun Tong On Tai,0,J11,2241,2901,NA,5142,NA
FAKE36,2011,NA,Kwun Tong On Tai,0,NA,NA,NA,NA,NA,NA
FAKE36,2015,NA,Kwun Tong On Tai,0,NA,NA,NA,NA,NA,NA
FAKE36,2015,J10,On Lee,0,J10,NA,1665,2220,3885,NA
FAKE36,2019,J10,On Lee,0,J10,NA,2704,3687,6391,NA
FAKE36,2011,NA,On Lee,0,J10,NA,NA,753,753,independent
FAKE36,2019,J14,On Tat,0,J14,NA,3499,2474,5973,NA
FAKE36,2011,NA,On Tat,0,NA,NA,NA,NA,NA,NA
FAKE36,2015,NA,On Tat,0,NA,NA,NA,NA,NA,NA
FAKE36,2015,J11,Po Tat,0,J11,NA,3993,1042,5035,NA
FAKE36,2019,J16,Po Tat,0,J16,NA,3946,4311,8257,NA
FAKE36,2011,NA,Po Tat,0,J11,NA,4040,NA,4040,pro-establishment
FAKE36,2019,J13,Sau Mau Ping Central,0,J13,NA,4176,3872,8048,NA
FAKE36,2011,NA,Sau Mau Ping Central,0,NA,NA,NA,NA,NA,NA
FAKE36,2015,NA,Sau Mau Ping Central,0,J15,NA,4176,NA,4176,pro-establishment
FAKE36,2011,J12,Sau Mau Ping North,0,J12,2118,2934,NA,5052,NA
FAKE36,2019,J12,Sau Mau Ping North,0,J12,NA,NA,7557,7557,NA
FAKE36,2015,NA,Sau Mau Ping North,0,J12,NA,NA,2418,2418,independent
FAKE36,2011,J14,Sau Mau Ping South,0,J14,1984,3201,NA,5185,NA
FAKE36,2015,J14,Sau Mau Ping South,0,J14,1008,NA,2418,3426,NA
FAKE36,2019,J15,Sau Mau Ping South,0,J15,NA,NA,7688,7688,NA
FAKE37,2011,J25,King Tin,1,J25,1296,2923,NA,4219,NA
FAKE37,2015,J26,King Tin,1,J26,2170,NA,2791,4961,NA
FAKE37,2019,J28,King Tin,1,J28,5638,NA,3518,9156,NA
FAKE37,2011,J16,Lam Tin,0,J16,768,3308,NA,4076,NA
FAKE37,2015,J17,Lam Tin,0,J17,NA,3215,1285,4500,NA
FAKE37,2019,J19,Lam Tin,0,J19,NA,4080,4030,8110,NA
FAKE37,2015,J19,Ping Tin,0,J19,NA,NA,4392,4392,NA
FAKE37,2019,J20,Ping Tin,0,J20,NA,NA,8502,8502,NA
FAKE37,2011,NA,Ping Tin,0,J18,NA,NA,282,282,independent
FAKE38,2011,H02,Lung Ha,0,H02,NA,1300,2870,4170,NA
FAKE38,2015,H02,Lung Ha,0,H02,NA,1446,2552,3998,NA
FAKE38,2019,H02,Lung Ha,0,H02,NA,2192,4394,6586,NA
FAKE38,2011,H07,San Po Kong,0,H07,502,4152,NA,4654,NA
FAKE38,2015,H07,San Po Kong,0,H07,NA,3026,1284,4310,NA
FAKE38,2019,H07,San Po Kong,0,H07,NA,3468,4372,7840,NA
FAKE39,2019,K11,Ma Wan,0,K11,3538,NA,1583,5121,NA
FAKE39,2015,K13,Ma Wan,0,K13,1668,1056,722,3446,NA
FAKE39,2011,NA,Ma Wan,0,NA,NA,NA,NA,NA,NA
FAKE39,2015,K12,Tsuen Wan Rural,0,K12,NA,NA,3796,3796,NA
FAKE39,2019,K12,Tsuen Wan Rural,0,K12,3054,NA,4630,7684,NA
FAKE39,2011,NA,Tsuen Wan Rural,0,NA,NA,NA,NA,NA,NA
FAKE39,2011,NA,Tsuen Wan Rural East,0,K12,NA,NA,2500,2500,independent
FAKE39,2015,NA,Tsuen Wan Rural East,0,NA,NA,NA,NA,NA,NA
FAKE39,2019,NA,Tsuen Wan Rural East,0,NA,NA,NA,NA,NA,NA
FAKE39,2011,K11,Tsuen Wan Rural West,0,K11,NA,1054,2123,3177,NA
FAKE39,2015,NA,Tsuen Wan Rural West,0,NA,NA,NA,NA,NA,NA
FAKE39,2019,NA,Tsuen Wan Rural West,0,NA,NA,NA,NA,NA,NA
FAKE4,2011,NA,Cheung Chau,0,NA,NA,NA,NA,NA,NA
FAKE4,2015,NA,Cheung Chau,0,NA,NA,NA,NA,NA,NA
FAKE4,2019,T10,Cheung Chau,0,T10,NA,3233,5142,8375,NA
FAKE4,2011,NA,Cheung Chau North,0,T10,NA,NA,NA,NA,pro-establishment
FAKE4,2019,NA,Cheung Chau North,0,NA,NA,1487,NA,1487,NA
FAKE4,2015,T10,Cheung Chau North,0,T10,NA,1681,480,2161,NA
FAKE4,2019,NA,Cheung Chau South,0,NA,NA,NA,NA,NA,NA
FAKE4,2011,T09,Cheung Chau South,0,T09,516,1696,668,2880,NA
FAKE4,2015,T09,Cheung Chau South,0,T09,NA,1487,1298,2785,NA
FAKE40,2011,T01,Lantau,1,T01,NA,2526,756,3282,NA
FAKE40,2015,T01,Lantau,1,T01,NA,NA,3761,3761,NA
FAKE40,2019,T01,Lantau,1,T01,2633,NA,2894,5527,NA
FAKE40,2011,NA,Mun Yat,0,NA,NA,NA,NA,NA,NA
FAKE40,2015,NA,Mun Yat,0,NA,NA,NA,NA,NA,NA
FAKE40,2019,T02,Mun Yat,0,T02,NA,2872,5997,8869,NA
FAKE40,2011,T02,Yat Tung Estate North,0,T02,1693,2691,NA,4384,NA
FAKE40,2015,T02,Yat Tung Estate North,0,T02,NA,3061,900,3961,NA
FAKE40,2019,T03,Yat Tung Estate North,0,T03,5376,3323,NA,8699,NA
FAKE40,2019,NA,Yat Tung Estate South,0,NA,NA,NA,NA,NA,NA
FAKE40,2011,T03,Yat Tung Estate South,0,T03,NA,2192,818,3010,NA
FAKE40,2015,T03,Yat Tung Estate South,0,T03,2469,2001,NA,4470,NA
FAKE41,2011,F06,Nam Cheong Central,0,F06,NA,1569,519,2088,NA
FAKE41,2015,F07,Nam Cheong Central,0,F07,NA,1284,538,1822,NA
FAKE41,2019,F07,Nam Cheong Central,0,F07,NA,1640,1538,3178,NA
FAKE41,2015,F05,Nam Cheong East,0,F05,1727,1287,NA,3014,NA
FAKE41,2019,F05,Nam Cheong East,0,F05,2996,1916,NA,4912,NA
FAKE41,2011,NA,Nam Cheong East,0,NA,NA,NA,NA,NA,NA
FAKE41,2011,F03,Nam Cheong North,0,F03,1409,1485,NA,2894,NA
FAKE41,2015,F03,Nam Cheong North,0,F03,796,1461,NA,2257,NA
FAKE41,2019,F03,Nam Cheong North,0,F03,2193,1747,55,3995,NA
FAKE41,2011,F05,Nam Cheong South,0,F05,531,1375,NA,1906,NA
FAKE41,2015,F06,Nam Cheong South,0,F06,NA,2330,NA,2330,NA
FAKE41,2019,F06,Nam Cheong South,0,F06,2334,1734,NA,4068,NA
FAKE41,2011,F07,Nam Cheong West,0,F07,1629,NA,797,2426,NA
FAKE41,2015,F08,Nam Cheong West,0,F08,1873,NA,1217,3090,NA
FAKE41,2019,F08,Nam Cheong West,0,F08,3573,NA,2074,5647,NA
FAKE41,2015,F04,Shek Kip Mei,0,F04,2088,2847,NA,4935,NA
FAKE41,2019,F04,Shek Kip Mei,0,F04,NA,3225,3235,6460,NA
FAKE41,2011,NA,Shek Kip Mei,0,NA,NA,NA,NA,NA,NA
FAKE41,2011,F04,Shek Kip Mei & Nam Cheong East,0,F04,2192,782,NA,2974,NA
FAKE41,2015,NA,Shek Kip Mei & Nam Cheong East,0,NA,NA,NA,NA,NA,NA
FAKE41,2019,NA,Shek Kip Mei & Nam Cheong East,0,NA,NA,NA,NA,NA,NA
FAKE42,2011,NA,Hong Lok Yuen,1,P17,NA,NA,648,648,independent
FAKE42,2015,P17,Hong Lok Yuen,1,P17,NA,1132,1780,2912,NA
FAKE42,2019,P17,Hong Lok Yuen,1,P17,NA,NA,5721,5721,NA
FAKE42,2011,P16,Old Market & Serenity,0,P16,1306,1696,186,3188,NA
FAKE42,2015,P16,Old Market & Serenity,0,P16,NA,NA,3869,3869,NA
FAKE42,2019,P16,Old Market & Serenity,0,P16,5383,2310,NA,7693,NA
FAKE42,2011,P14,Po Nga,0,P14,1196,2417,NA,3613,NA
FAKE42,2015,P14,Po Nga,0,P14,2683,2292,NA,4975,NA
FAKE42,2019,P14,Po Nga,0,P14,6657,3300,NA,9957,NA
FAKE43,2011,R19,Chung Tin,1,R19,NA,1636,1058,2694,NA
FAKE43,2015,R20,Chung Tin,1,R20,1631,1268,662,3561,NA
FAKE43,2019,R21,Chung Tin,1,R21,NA,2815,4313,7128,NA
FAKE43,2011,R01,Sha Tin Town Centre,0,R01,1978,1521,NA,3499,NA
FAKE43,2015,R01,Sha Tin Town Centre,0,R01,2759,1328,NA,4087,NA
FAKE43,2019,R01,Sha Tin Town Centre,0,R01,NA,NA,7296,7296,NA
FAKE44,2015,NA,Shek Lei,0,NA,NA,NA,NA,NA,NA
FAKE44,2019,NA,Shek Lei,0,NA,NA,NA,NA,NA,NA
FAKE44,2011,S10,Shek Lei,0,S10,2314,1291,NA,3605,NA
FAKE44,2011,NA,Shek Lei Norh,0,NA,NA,NA,NA,NA,NA
FAKE44,2015,NA,Shek Lei Norh,0,S10,NA,NA,NA,NA,NA
FAKE44,2019,NA,Shek Lei Norh,0,NA,NA,NA,NA,NA,NA
FAKE44,2011,NA,Shek Lei North,0,NA,NA,NA,NA,NA,NA
FAKE44,2015,S10,Shek Lei North,0,NA,2981,1459,NA,4440,NA
FAKE44,2019,S12,Shek Lei North,0,S12,3456,2086,NA,5542,NA
FAKE45,2015,NA,Shek Lei Extension,0,NA,NA,NA,NA,NA,NA
FAKE45,2019,NA,Shek Lei Extension,0,NA,NA,NA,NA,NA,NA
FAKE45,2011,S09,Shek Lei Extension,0,S09,3112,2629,NA,5741,NA
FAKE45,2011,NA,Shek Lei South,0,NA,NA,NA,NA,NA,NA
FAKE45,2015,S09,Shek Lei South,0,S09,6115,NA,NA,6115,NA
FAKE45,2019,S13,Shek Lei South,0,S13,4780,3331,NA,8111,NA
FAKE46,2019,M17,Shing Yan,0,M17,3530,2690,121,6341,NA
FAKE46,2011,NA,Shing Yan,0,NA,NA,NA,NA,NA,NA
FAKE46,2015,NA,Shing Yan,0,NA,NA,NA,NA,NA,NA
FAKE46,2011,M12,Tin Shing,0,M12,NA,4029,NA,4029,NA
FAKE46,2015,M15,Tin Shing,0,M15,NA,3702,1807,5509,NA
FAKE46,2019,M18,Tin Shing,0,M18,3347,2830,NA,6177,NA
FAKE47,2019,F20,So Uk,0,F20,2522,2650,51,5223,NA
FAKE47,2011,NA,So Uk,0,NA,NA,NA,NA,NA,NA
FAKE47,2015,NA,So Uk,0,NA,NA,NA,NA,NA,NA
FAKE47,2019,F19,Un Chau,0,F19,3960,3427,NA,7387,NA
FAKE47,2011,NA,Un Chau,0,NA,NA,NA,NA,NA,NA
FAKE47,2015,NA,Un Chau,0,NA,NA,NA,NA,NA,NA
FAKE47,2011,F16,Un Chau & So Uk,0,F16,2440,3403,NA,5843,NA
FAKE47,2015,F18,Un Chau & So Uk,0,F18,NA,3491,1160,4651,NA
FAKE47,2019,NA,Un Chau & So Uk,0,NA,NA,NA,NA,NA,NA
FAKE48,2011,E11,Tai Kok Tsui North,0,E11,610,1701,551,2862,NA
FAKE48,2015,E11,Tai Kok Tsui North,0,E11,1363,2633,NA,3996,NA
FAKE48,2019,E11,Tai Kok Tsui North,0,E11,NA,NA,6329,6329,NA
FAKE48,2011,E12,Tai Nan,1,E12,1318,1560,NA,2878,NA
FAKE48,2015,E12,Tai Nan,1,E12,1568,1424,NA,2992,NA
FAKE48,2019,E12,Tai Nan,1,E12,2943,2046,57,5046,NA
FAKE49,2019,NA,Tai Pak Tin,0,NA,NA,NA,NA,NA,NA
FAKE49,2011,S11,Tai Pak Tin,0,S11,1816,1488,NA,3304,NA
FAKE49,2015,S11,Tai Pak Tin,0,S11,1997,2884,NA,4881,NA
FAKE49,2011,NA,Tai Pak Tin East,0,NA,NA,NA,NA,NA,NA
FAKE49,2015,NA,Tai Pak Tin East,0,NA,NA,NA,NA,NA,NA
FAKE49,2019,S10,Tai Pak Tin East,0,S10,2902,2407,73,5382,NA
FAKE49,2011,NA,Tai Pak Tin West,0,NA,NA,NA,NA,NA,NA
FAKE49,2015,NA,Tai Pak Tin West,0,NA,NA,NA,NA,NA,NA
FAKE49,2019,S09,Tai Pak Tin West,0,S09,NA,2449,2650,5099,NA
FAKE5,2015,NA,Cheung Hong,0,S24,NA,2405,NA,2405,pro-establishment
FAKE5,2011,S24,Cheung Hong,0,S24,NA,NA,4393,4393,NA
FAKE5,2019,S26,Cheung Hong,0,S26,NA,3427,2949,6376,NA
FAKE5,2011,S25,Shing Hong,0,S25,814,2405,NA,3219,NA
FAKE5,2015,S25,Shing Hong,0,S25,NA,2345,990,3335,NA
FAKE5,2019,S27,Shing Hong,0,S27,3417,3531,NA,6948,NA
FAKE50,2011,NA,Tai Po Kau,0,P10,NA,986,NA,986,pro-establishment
FAKE50,2015,NA,Tai Po Kau,0,P10,NA,NA,2400,2400,independent
FAKE50,2019,P10,Tai Po Kau,0,P10,3346,NA,2902,6248,NA
FAKE50,2011,NA,Wang Fuk,0,P09,NA,986,NA,986,pro-establishment
FAKE50,2015,P09,Wang Fuk,0,P09,1570,2120,NA,3690,NA
FAKE50,2019,P09,Wang Fuk,0,P09,NA,3254,4266,7520,NA
FAKE51,2015,C32,Lok Hong,1,C32,1969,NA,2444,4413,NA
FAKE51,2019,C32,Lok Hong,1,C32,3563,NA,2800,6363,NA
FAKE51,2011,C34,Lok Hong,1,C34,1871,NA,1948,3819,NA
FAKE51,2015,C33,Tsui Tak,0,C33,NA,2351,979,3330,NA
FAKE51,2019,C33,Tsui Tak,0,C33,NA,2612,2994,5606,NA
FAKE51,2011,C35,Tsui Tak,0,C35,NA,1355,1088,2443,NA
FAKE52,2011,L11,San Hui,1,L11,680,1323,NA,2003,NA
FAKE52,2015,L11,San Hui,1,L11,NA,NA,2472,2472,NA
FAKE52,2019,L11,San Hui,1,L11,3276,NA,2140,5416,NA
FAKE52,2011,L01,Tuen Mun Town Centre,0,L01,590,1357,267,2214,NA
FAKE52,2015,L01,Tuen Mun Town Centre,0,L01,NA,NA,2351,2351,NA
FAKE52,2019,L01,Tuen Mun Town Centre,0,L01,4161,NA,2424,6585,NA
FAKE53,2011,NA,Tung Chung Central,0,NA,NA,NA,NA,NA,NA
FAKE53,2015,NA,Tung Chung Central,0,NA,NA,NA,NA,NA,NA
FAKE53,2019,T05,Tung Chung Central,0,T05,2708,2359,NA,5067,NA
FAKE53,2011,T04,Tung Chung North,0,T04,1177,NA,1509,2686,NA
FAKE53,2015,T04,Tung Chung North,0,T04,1897,1929,NA,3826,NA
FAKE53,2019,T06,Tung Chung North,0,T06,1332,2035,NA,3367,NA
FAKE53,2019,T04,Tung Chung South,0,T04,NA,3619,5319,8938,NA
FAKE53,2011,T05,Tung Chung South,0,T05,1029,2326,NA,3355,NA
FAKE53,2015,T05,Tung Chung South,0,T05,NA,2161,1917,4078,NA
FAKE53,2011,D09,Wah Fu I,0,D09,1204,1723,69,2996,NA
FAKE53,2015,NA,Wah Fu I,0,NA,NA,NA,NA,NA,NA
FAKE53,2019,NA,Wah Fu I,0,NA,NA,NA,NA,NA,NA
FAKE53,2015,D09,Wah Fu South,0,D09,1629,NA,1632,3261,NA
FAKE53,2019,D09,Wah Fu South,0,D09,3121,2478,NA,5599,NA
FAKE53,2011,NA,Wah Fu South,0,NA,NA,NA,NA,NA,NA
FAKE54,2011,D10,Wah Fu II,0,D10,2234,1811,NA,4045,NA
FAKE54,2015,NA,Wah Fu II,0,NA,NA,NA,NA,NA,NA
FAKE54,2019,NA,Wah Fu II,0,NA,NA,NA,NA,NA,NA
FAKE54,2015,D10,Wah Fu North,0,D10,2408,2089,50,4547,NA
FAKE54,2019,D10,Wah Fu North,0,D10,3751,2366,NA,6117,NA
FAKE54,2011,NA,Wah Fu North,0,NA,NA,NA,NA,NA,NA
FAKE55,2015,NA,Wan Po,0,NA,NA,NA,NA,NA,NA
FAKE55,2019,NA,Wan Po,0,NA,NA,NA,NA,NA,NA
FAKE55,2011,Q24,Wan Po,0,Q24,239,169,2885,3293,NA
FAKE55,2011,NA,Wan Po North,0,NA,NA,NA,NA,NA,NA
FAKE55,2015,Q26,Wan Po North,0,Q26,NA,665,2667,3332,NA
FAKE55,2019,Q28,Wan Po North,0,Q28,943,NA,5826,6769,NA
FAKE55,2011,NA,Wan Po South,0,NA,NA,NA,NA,NA,NA
FAKE55,2015,Q27,Wan Po South,0,Q27,NA,539,2188,2727,NA
FAKE55,2019,Q29,Wan Po South,0,Q29,2063,NA,4716,6779,NA
FAKE56,2011,L24,Po Tin,1,L24,NA,1270,2199,3469,NA
FAKE56,2015,L24,Po Tin,1,L24,NA,2516,402,2918,NA
FAKE56,2019,L25,Po Tin,1,L25,NA,2562,1885,4447,NA
FAKE56,2019,L28,Yan Tin,0,L28,1865,2814,NA,4679,NA
FAKE56,2011,NA,Yan Tin,0,NA,NA,NA,NA,NA,NA
FAKE56,2015,NA,Yan Tin,0,NA,NA,NA,NA,NA,NA
FAKE6,2019,K16,Cheung Shek,0,K16,2857,2387,NA,5244,NA
FAKE6,2011,K17,Cheung Shek,0,K17,1838,1768,NA,3606,NA
FAKE6,2015,K18,Cheung Shek,0,K18,353,2861,NA,3214,NA
FAKE6,2019,K10,Luk Yeung,0,K10,3677,NA,2810,6487,NA
FAKE6,2011,K13,Luk Yeung,0,K13,805,2481,NA,3286,NA
FAKE6,2015,K14,Luk Yeung,0,K14,1933,NA,2193,4126,NA
FAKE7,2015,D12,Chi Fu,0,D12,NA,NA,4985,4985,NA
FAKE7,2019,D12,Chi Fu,0,D12,4292,NA,2744,7036,NA
FAKE7,2011,NA,Chi Fu,0,D12,NA,NA,7196,7196,independent
FAKE7,2011,D11,Pokfulam,1,D11,1445,NA,805,2250,NA
FAKE7,2015,D11,Pokfulam,1,D11,1952,1144,NA,3096,NA
FAKE7,2019,D11,Pokfulam,1,D11,NA,1840,2711,4551,NA
FAKE8,2011,N09,Ching Ho,0,N09,315,2625,535,3475,NA
FAKE8,2019,N09,Ching Ho,0,N09,NA,2871,4456,7327,NA
FAKE8,2015,NA,Ching Ho,0,N09,NA,2748,NA,2748,pro-establishment
FAKE8,2019,N07,Fanling South,0,N07,NA,NA,5910,5910,NA
FAKE8,2015,N08,Fanling South,0,N08,NA,NA,2816,2816,NA
FAKE8,2011,NA,Fanling South,0,NA,NA,NA,NA,NA,NA
FAKE8,2011,N02,Fanling Town,0,N02,928,1365,1550,3843,NA
FAKE8,2015,N02,Fanling Town,0,N02,NA,NA,2229,2229,NA
FAKE8,2019,N02,Fanling Town,0,N02,2761,NA,2120,4881,NA
FAKE8,2011,N01,Luen Wo Hui,0,N01,2159,1512,NA,3671,NA
FAKE8,2015,N01,Luen Wo Hui,0,N01,1981,3053,NA,5034,NA
FAKE8,2019,N01,Luen Wo Hui,0,N01,NA,3491,4533,8024,NA
FAKE8,2011,N07,Shing Fuk,0,N07,1568,2885,NA,4453,NA
FAKE8,2019,N08,Shing Fuk,0,N08,1754,3181,2656,7591,NA
FAKE8,2015,NA,Shing Fuk,0,N07,NA,3033,NA,3033,pro-establishment
FAKE8,2011,N04,Wah Do,0,N04,2114,3062,NA,5176,NA
FAKE8,2019,N04,Wah Do,0,N04,NA,3724,5288,9012,NA
FAKE8,2015,NA,Wah Do,0,N04,NA,3393,NA,3393,pro-establishment
FAKE9,2019,J06,Choi Tak,0,J06,2156,2882,NA,5038,NA
FAKE9,2011,NA,Choi Tak,0,NA,NA,NA,NA,NA,NA
FAKE9,2015,NA,Choi Tak,0,NA,NA,NA,NA,NA,NA
FAKE9,2011,J07,Jordan Valley,0,J07,2092,2234,NA,4326,NA
FAKE9,2015,J07,Jordan Valley,0,J07,1400,2638,NA,4038,NA
FAKE9,2019,J07,Jordan Valley,0,J07,3560,3694,NA,7254,NA
FAKE9,2015,J03,Kai Yip,0,J03,1826,2128,NA,3954,NA
FAKE9,2019,J03,Kai Yip,0,J03,4433,3794,NA,8227,NA
FAKE9,2011,NA,Kai Yip,0,J03,NA,462,NA,462,pro-establishment
FAKE9,2015,J34,Lower Ngau Tau Kok Estate,0,J34,NA,NA,4420,4420,NA
FAKE9,2019,J39,Lower Ngau Tau Kok Estate,0,J39,NA,NA,7666,7666,NA
FAKE9,2011,NA,Lower Ngau Tau Kok Estate,0,NA,NA,NA,NA,NA,NA
FAKE9,2011,NA,Ngau Tau Kok,0,J32,NA,1814,NA,1814,pro-establishment
FAKE9,2015,NA,Ngau Tau Kok,0,NA,NA,NA,NA,NA,NA
FAKE9,2019,NA,Ngau Tau Kok,0,NA,NA,NA,NA,NA,NA
FAKE9,2011,J06,Sheung Choi,0,J06,685,1814,NA,2499,NA
FAKE9,2015,NA,Sheung Choi,0,J06,NA,1814,NA,1814,pro-establishment
FAKE9,2019,NA,Sheung Choi,0,NA,NA,NA,NA,NA,NA
FAKE9,2015,J33,Upper Ngau Tau Kok Estate,0,J33,NA,NA,3984,3984,NA
FAKE9,2019,J38,Upper Ngau Tau Kok Estate,0,J38,NA,NA,6340,6340,NA
FAKE9,2011,NA,Upper Ngau Tau Kok Estate,0,NA,NA,NA,NA,NA,NA
ORIG1,2011,C06,A Kung Ngam,1,C06,NA,NA,3779,3779,NA
ORIG1,2015,C06,A Kung Ngam,1,C06,NA,1112,3506,4618,NA
ORIG1,2019,C07,A Kung Ngam,1,C07,4204,NA,3771,7975,NA
ORIG10,2019,C16,Braemar Hill,1,C16,NA,3111,2522,5633,NA
ORIG10,2011,NA,Braemar Hill,1,C15,NA,1,NA,1,pro-establishment
ORIG10,2015,NA,Braemar Hill,1,C15,NA,1,NA,1,pro-establishment
ORIG100,2011,R30,Heng On,1,R30,3573,1933,NA,5506,NA
ORIG100,2015,R32,Heng On,1,R32,3740,2706,NA,6446,NA
ORIG100,2019,R34,Heng On,1,R34,6824,3970,NA,10794,NA
ORIG101,2011,B01,Hennessy,1,B01,NA,NA,1812,1812,NA
ORIG101,2015,B01,Hennessy,1,B01,NA,NA,2350,2350,NA
ORIG101,2019,B01,Hennessy,1,B01,NA,NA,3251,3251,NA
ORIG102,2011,R13,Hin Ka,1,R13,1758,2612,NA,4370,NA
ORIG102,2015,R13,Hin Ka,1,R13,1713,2473,NA,4186,NA
ORIG102,2019,R14,Hin Ka,1,R14,NA,2547,4622,7169,NA
ORIG104,2015,C31,Hing Man,1,C31,NA,2470,1391,3861,NA
ORIG104,2019,C31,Hing Man,1,C31,NA,3113,3297,6410,NA
ORIG104,2011,C33,Hing Man,1,C33,898,2539,NA,3437,NA
ORIG105,2011,J15,Hing Tin,1,J15,2301,1030,500,3831,NA
ORIG105,2015,J16,Hing Tin,1,J16,2424,2125,NA,4549,NA
ORIG105,2019,J18,Hing Tin,1,J18,4751,3417,NA,8168,NA
ORIG106,2011,L10,Hing Tsak,1,L10,1040,2513,NA,3553,NA
ORIG106,2015,L10,Hing Tsak,1,L10,NA,2673,1498,4171,NA
ORIG106,2019,L10,Hing Tsak,1,L10,3815,3390,NA,7205,NA
ORIG107,2015,C27,Hing Tung,1,C27,2808,3310,NA,6118,NA
ORIG107,2019,C28,Hing Tung,1,C28,NA,3932,5389,9321,NA
ORIG107,2011,C29,Hing Tung,1,C29,1099,NA,3856,4955,NA
ORIG108,2011,J29,Hip Hong,1,J29,882,1715,NA,2597,NA
ORIG108,2015,J30,Hip Hong,1,J30,NA,NA,3372,3372,NA
ORIG108,2019,J33,Hip Hong,1,J33,2612,NA,2329,4941,NA
ORIG109,2011,J13,Hiu Lai,1,J13,NA,3210,1677,4887,NA
ORIG109,2015,J13,Hiu Lai,1,J13,NA,NA,5750,5750,NA
ORIG109,2019,J30,Hiu Lai,1,J30,NA,NA,9114,9114,NA
ORIG11,2011,B07,Broadwood,1,B07,742,NA,1262,2004,NA
ORIG11,2015,B09,Broadwood,1,B09,939,NA,1491,2430,NA
ORIG11,2019,B09,Broadwood,1,B09,NA,NA,4008,4008,NA
ORIG110,2011,G06,Ho Man Tin,1,G06,1629,1872,NA,3501,NA
ORIG110,2015,G06,Ho Man Tin,1,G06,1852,NA,2376,4228,NA
ORIG110,2019,G07,Ho Man Tin,1,G07,3722,NA,3518,7240,NA
ORIG114,2011,G12,Hoi Sham,1,G12,NA,2613,731,3344,NA
ORIG114,2015,G14,Hoi Sham,1,G14,654,2478,NA,3132,NA
ORIG114,2019,G15,Hoi Sham,1,G15,2890,2916,NA,5806,NA
ORIG115,2011,G15,Hok Yuen Laguna Verde,1,G15,855,1665,NA,2520,NA
ORIG115,2015,G17,Hok Yuen Laguna Verde,1,G17,NA,NA,3696,3696,NA
ORIG115,2019,G18,Hok Yuen Laguna Verde,1,G18,3054,NA,2749,5803,NA
ORIG117,2011,J30,Hong Lok,1,J30,468,NA,2221,2689,NA
ORIG117,2015,J31,Hong Lok,1,J31,1525,NA,1624,3149,NA
ORIG117,2019,J36,Hong Lok,1,J36,3231,NA,2359,5590,NA
ORIG12,2011,L18,Butterfly,1,L18,418,1934,1342,3694,NA
ORIG12,2015,L18,Butterfly,1,L18,2505,1949,NA,4454,NA
ORIG12,2019,L18,Butterfly,1,L18,4279,2809,NA,7088,NA
ORIG120,2011,G19,Hung Hom,1,G19,1360,858,48,2266,NA
ORIG120,2015,G21,Hung Hom,1,G21,1173,1544,31,2748,NA
ORIG120,2019,G22,Hung Hom,1,G22,NA,1779,1524,3303,NA
ORIG122,2011,B06,Jardine's Lookout,1,B06,NA,626,1256,1882,NA
ORIG122,2015,B08,Jardine's Lookout,1,B08,NA,1479,1098,2577,NA
ORIG122,2019,B08,Jardine's Lookout,1,B08,NA,2570,1819,4389,NA
ORIG13,2015,B03,Canal Road,1,B03,NA,1018,723,1741,NA
ORIG13,2019,B03,Canal Road,1,B03,NA,1383,1891,3274,NA
ORIG13,2011,NA,Canal Road,1,B03,NA,1,NA,1,pro-establishment
ORIG130,2011,G20,Ka Wai,1,G20,701,2650,256,3607,NA
ORIG130,2019,G23,Ka Wai,1,G23,4115,NA,3827,7942,NA
ORIG130,2015,NA,Ka Wai,1,G22,NA,NA,1,1,independent
ORIG131,2011,G07,Kadoorie,1,G07,1772,1583,NA,3355,NA
ORIG131,2015,G07,Kadoorie,1,G07,2378,NA,1425,3803,NA
ORIG131,2019,G08,Kadoorie,1,G08,3929,NA,2256,6185,NA
ORIG132,2015,C35,Kai Hiu,1,C35,NA,NA,3755,3755,NA
ORIG132,2019,C35,Kai Hiu,1,C35,NA,2712,3781,6493,NA
ORIG132,2011,C37,Kai Hiu,1,C37,1925,NA,1481,3406,NA
ORIG139,2019,C21,Kam Ping,1,C21,3113,3027,NA,6140,NA
ORIG139,2011,NA,Kam Ping,1,C22,NA,1,1,1,pro-establishment
ORIG139,2015,NA,Kam Ping,1,C20,NA,1,1,1,pro-establishment
ORIG14,2011,A03,Castle Road,1,A03,1291,881,NA,2172,NA
ORIG14,2015,A03,Castle Road,1,A03,1457,1311,NA,2768,NA
ORIG14,2019,A03,Castle Road,1,A03,2669,2559,NA,5228,NA
ORIG140,2019,M37,Kam Tin,1,M37,NA,NA,4862,4862,NA
ORIG140,2011,NA,Kam Tin,1,M29,NA,NA,1,1,independent
ORIG140,2015,NA,Kam Tin,1,M33,NA,NA,1,1,independent
ORIG141,2011,R24,Kam To,1,R24,1730,2104,323,4157,NA
ORIG141,2015,R25,Kam To,1,R25,NA,2455,2592,5047,NA
ORIG141,2019,R27,Kam To,1,R27,NA,3867,6052,9919,NA
ORIG142,2011,R28,Kam Ying,1,R28,NA,NA,4116,4116,NA
ORIG142,2015,R30,Kam Ying,1,R30,1612,NA,3506,5118,NA
ORIG142,2019,R32,Kam Ying,1,R32,NA,3401,5531,8932,NA
ORIG143,2011,R15,Keng Hau,1,R15,1873,1855,NA,3728,NA
ORIG143,2015,R16,Keng Hau,1,R16,2826,2144,NA,4970,NA
ORIG143,2019,R17,Keng Hau,1,R17,NA,3443,5629,9072,NA
ORIG144,2011,A06,Kennedy Town & Mount Davis,1,A06,1468,1721,NA,3189,NA
ORIG144,2015,A06,Kennedy Town & Mount Davis,1,A06,NA,NA,3769,3769,NA
ORIG144,2019,NA,Kennedy Town & Mount Davis,1,A07,NA,NA,NA,NA,NA
ORIG146,2011,L25,Kin Sang,1,L25,1089,2882,NA,3971,NA
ORIG146,2015,L25,Kin Sang,1,L25,NA,2456,1283,3739,NA
ORIG146,2019,L26,Kin Sang,1,L26,4730,3096,NA,7826,NA
ORIG148,2011,H20,King Fu,1,H20,4300,968,NA,5268,NA
ORIG148,2015,H20,King Fu,1,H20,3907,2377,NA,6284,NA
ORIG148,2019,H20,King Fu,1,H20,5559,3903,NA,9462,NA
ORIG149,2019,L09,King Hing,1,L09,2756,2893,105,5754,NA
ORIG149,2011,NA,King Hing,1,L09,NA,1,NA,1,pro-establishment
ORIG149,2015,NA,King Hing,1,L09,NA,1,NA,1,pro-establishment
ORIG15,2011,B04,Causeway Bay,1,B04,449,NA,1350,1799,NA
ORIG15,2019,B04,Causeway Bay,1,B04,NA,NA,3490,3490,NA
ORIG15,2015,NA,Causeway Bay,1,B06,NA,NA,1,1,independent
ORIG150,2011,Q18,King Lam,1,Q18,2687,2281,NA,4968,NA
ORIG150,2015,Q20,King Lam,1,Q20,2707,2878,NA,5585,NA
ORIG150,2019,Q22,King Lam,1,Q22,788,3233,4265,8286,NA
ORIG152,2011,C11,King Yee,1,C11,1905,2140,1168,5213,NA
ORIG152,2015,C11,King Yee,1,C11,NA,2257,3075,5332,NA
ORIG152,2019,C12,King Yee,1,C12,NA,3079,5559,8638,NA
ORIG154,2011,M22,Kingswood North,1,M22,613,2685,NA,3298,NA
ORIG154,2015,M25,Kingswood North,1,M25,NA,NA,4522,4522,NA
ORIG154,2019,M27,Kingswood North,1,M27,4371,NA,4383,8754,NA
ORIG156,2015,C25,Kornhill,1,C25,4978,NA,29,5007,NA
ORIG156,2019,C26,Kornhill,1,C26,4127,2854,NA,6981,NA
ORIG156,2011,C27,Kornhill,1,C27,2050,NA,1882,3932,NA
ORIG157,2015,C26,Kornhill Garden,1,C26,4198,NA,NA,4198,NA
ORIG157,2019,C27,Kornhill Garden,1,C27,6291,NA,NA,6291,NA
ORIG157,2011,C28,Kornhill Garden,1,C28,1350,1295,490,3135,NA
ORIG158,2011,J02,Kowloon Bay,1,J02,NA,662,2030,2692,NA
ORIG158,2019,J02,Kowloon Bay,1,J02,NA,NA,5297,5297,NA
ORIG158,2015,NA,Kowloon Bay,1,J02,NA,NA,1,1,independent
ORIG16,2011,A14,Centre Street,1,A14,1199,1739,NA,2938,NA
ORIG16,2015,A14,Centre Street,1,A14,1621,NA,1654,3275,NA
ORIG16,2019,A14,Centre Street,1,A14,2909,NA,2030,4939,NA
ORIG160,2019,G10,Kowloon Tong,1,G10,2567,2952,NA,5519,NA
ORIG160,2011,NA,Kowloon Tong,1,G09,NA,1,NA,1,pro-establishment
ORIG160,2015,NA,Kowloon Tong,1,G09,NA,1,NA,1,pro-establishment
ORIG162,2011,S05,Kwai Chung Estate North,1,S05,1752,843,91,2686,NA
ORIG162,2015,S05,Kwai Chung Estate North,1,S05,NA,NA,3812,3812,NA
ORIG162,2019,S07,Kwai Chung Estate North,1,S07,NA,NA,7598,7598,NA
ORIG164,2011,S12,Kwai Fong,1,S12,3944,387,NA,4331,NA
ORIG164,2015,S12,Kwai Fong,1,S12,3301,1624,NA,4925,NA
ORIG164,2019,S14,Kwai Fong,1,S14,NA,2997,5067,8064,NA
ORIG167,2011,S02,Kwai Shing East Estate,1,S02,3469,1894,NA,5363,NA
ORIG167,2015,S02,Kwai Shing East Estate,1,S02,NA,NA,5797,5797,NA
ORIG167,2019,S03,Kwai Shing East Estate,1,S03,4980,2912,59,7951,NA
ORIG168,2011,S18,Kwai Shing West Estate,1,S18,1379,3239,NA,4618,NA
ORIG168,2015,S18,Kwai Shing West Estate,1,S18,NA,NA,5303,5303,NA
ORIG168,2019,S20,Kwai Shing West Estate,1,S20,NA,3273,4365,7638,NA
ORIG17,2011,E05,Charming,1,E05,1137,2401,NA,3538,NA
ORIG17,2015,E05,Charming,1,E05,2053,2473,NA,4526,NA
ORIG17,2019,E05,Charming,1,E05,4242,3373,133,7748,NA
ORIG170,2011,NA,Kwong Fuk & Plover Cove,1,P08,NA,1,NA,1,pro-establishment
ORIG170,2015,P08,Kwong Fuk & Plover Cove,1,P08,NA,NA,3390,3390,NA
ORIG170,2019,P08,Kwong Fuk & Plover Cove,1,P08,NA,NA,6603,6603,NA
ORIG173,2019,J17,Kwong Tak,1,J17,4327,4514,NA,8841,NA
ORIG173,2011,NA,Kwong Tak,1,J17,NA,1,NA,1,pro-establishment
ORIG173,2015,NA,Kwong Tak,1,J18,NA,1,NA,1,pro-establishment
ORIG174,2011,NA,Kwong Yuen,1,R36,NA,1,NA,1,pro-establishment
ORIG174,2015,R38,Kwong Yuen,1,R38,1553,2525,NA,4078,NA
ORIG174,2019,R41,Kwong Yuen,1,R41,3982,2914,NA,6896,NA
ORIG175,2019,A06,Kwun Lung,1,A06,138,2970,3195,6303,NA
ORIG175,2011,A07,Kwun Lung,1,A07,973,2723,NA,3696,NA
ORIG175,2015,A07,Kwun Lung,1,A07,1569,2491,NA,4060,NA
ORIG176,2011,J01,Kwun Tong Central,1,J01,NA,1751,1179,2930,NA
ORIG176,2019,J01,Kwun Tong Central,1,J01,2863,NA,2245,5108,NA
ORIG176,2015,NA,Kwun Tong Central,1,J01,NA,NA,1,1,independent
ORIG178,2015,J25,Laguna City,1,J25,3243,NA,4091,7334,NA
ORIG178,2019,J27,Laguna City,1,J27,6450,NA,3951,10401,NA
ORIG178,2011,NA,Laguna City,1,J24,NA,1,NA,1,pro-establishment
ORIG182,2011,J04,Lai Ching,1,J04,2567,2729,NA,5296,NA
ORIG182,2015,J04,Lai Ching,1,J04,3060,2682,NA,5742,NA
ORIG182,2019,J04,Lai Ching,1,J04,5364,NA,2494,7858,NA
ORIG184,2011,NA,Lai King,1,S17,1,NA,NA,1,pro-democracy
ORIG184,2015,NA,Lai King,1,S17,NA,NA,1,1,independent
ORIG184,2019,S19,Lai King,1,S19,NA,NA,5506,5506,NA
ORIG185,2011,F09,Lai Kok,1,F09,2767,NA,2090,4857,NA
ORIG185,2015,F10,Lai Kok,1,F10,2432,2531,215,5178,NA
ORIG185,2019,F10,Lai Kok,1,F10,3592,3051,NA,6643,NA
ORIG186,2011,K09,Lai To,1,K09,549,4398,NA,4947,NA
ORIG186,2015,K09,Lai To,1,K09,1441,NA,3661,5102,NA
ORIG186,2019,K14,Lai To,1,K14,5098,NA,3624,8722,NA
ORIG187,2015,NA,Lai Wah,1,S14,NA,1,NA,1,pro-establishment
ORIG187,2011,S14,Lai Wah,1,S14,1915,1923,NA,3838,NA
ORIG187,2019,S17,Lai Wah,1,S17,3613,2818,NA,6431,NA
ORIG189,2011,P13,Lam Tsuen Valley,1,P13,NA,NA,4631,4631,NA
ORIG189,2015,P13,Lam Tsuen Valley,1,P13,NA,NA,4586,4586,NA
ORIG189,2019,P13,Lam Tsuen Valley,1,P13,NA,3321,3605,6926,NA
ORIG190,2015,NA,Lamma & Po Toi,1,T08,NA,NA,1,1,independent
ORIG190,2011,T08,Lamma & Po Toi,1,T08,391,858,92,1341,NA
ORIG190,2019,T09,Lamma & Po Toi,1,T09,972,1003,NA,1975,NA
ORIG193,2011,F17,Lei Cheng Uk,1,F17,1794,2436,NA,4230,NA
ORIG193,2015,F19,Lei Cheng Uk,1,F19,2335,2124,NA,4459,NA
ORIG193,2019,F21,Lei Cheng Uk,1,F21,4127,2490,120,6737,NA
ORIG194,2011,C03,Lei King Wan,1,C03,1299,NA,1932,3231,NA
ORIG194,2015,C03,Lei King Wan,1,C03,1612,NA,3174,4786,NA
ORIG194,2019,C03,Lei King Wan,1,C03,4144,NA,3098,7242,NA
ORIG195,2011,K14,Lei Muk Shue East,1,K14,2761,1839,77,4677,NA
ORIG195,2015,K15,Lei Muk Shue East,1,K15,3169,1773,NA,4942,NA
ORIG195,2019,K19,Lei Muk Shue East,1,K19,5214,2441,NA,7655,NA
ORIG196,2011,K15,Lei Muk Shue West,1,K15,2260,1548,NA,3808,NA
ORIG196,2015,K16,Lei Muk Shue West,1,K16,2895,1385,NA,4280,NA
ORIG196,2019,K18,Lei Muk Shue West,1,K18,4129,2108,NA,6237,NA
ORIG197,2011,D04,Lei Tung I,1,D04,2277,2029,NA,4306,NA
ORIG197,2015,D04,Lei Tung I,1,D04,3068,1810,177,5055,NA
ORIG197,2019,D04,Lei Tung I,1,D04,3827,2258,NA,6085,NA
ORIG198,2011,D05,Lei Tung II,1,D05,2438,1995,NA,4433,NA
ORIG198,2015,NA,Lei Tung II,1,D05,NA,NA,NA,NA,NA
ORIG198,2019,NA,Lei Tung II,1,D05,NA,NA,NA,NA,NA
ORIG199,2011,R02,Lek Yuen,1,R02,967,1382,NA,2349,NA
ORIG199,2015,R02,Lek Yuen,1,R02,1406,1799,NA,3205,NA
ORIG199,2019,R02,Lek Yuen,1,R02,3283,2443,NA,5726,NA
ORIG2,2015,D01,Aberdeen,1,D01,1598,NA,2783,4381,NA
ORIG2,2019,D01,Aberdeen,1,D01,5001,NA,3051,8052,NA
ORIG2,2011,NA,Aberdeen,1,D01,NA,NA,1,1,independent
ORIG200,2011,L22,Leung King,1,L22,1443,2418,NA,3861,NA
ORIG200,2015,L22,Leung King,1,L22,NA,2366,1290,3656,NA
ORIG200,2019,L23,Leung King,1,L23,4376,2697,NA,7073,NA
ORIG201,2015,H10,Lok Fu,1,H10,NA,2232,981,3213,NA
ORIG201,2019,H10,Lok Fu,1,H10,NA,2764,3451,6215,NA
ORIG201,2011,NA,Lok Fu,1,H10,NA,1,NA,1,pro-establishment
ORIG203,2015,G04,Lok Man,1,G04,NA,NA,3871,3871,NA
ORIG203,2019,G05,Lok Man,1,G05,2694,NA,3312,6006,NA
ORIG203,2011,NA,Lok Man,1,G04,NA,1,NA,1,pro-establishment
ORIG204,2011,L19,Lok Tsui,1,L19,2179,1477,NA,3656,NA
ORIG204,2015,L19,Lok Tsui,1,L19,1736,NA,2622,4358,NA
ORIG204,2019,L20,Lok Tsui,1,L20,3839,NA,2682,6521,NA
ORIG205,2011,J34,Lok Wah North,1,J34,1363,NA,1739,3102,NA
ORIG205,2019,J35,Lok Wah North,1,J35,NA,2346,3628,5974,NA
ORIG205,2015,J36,Lok Wah North,1,J36,1729,NA,1246,2975,NA
ORIG206,2019,J34,Lok Wah South,1,J34,NA,2774,2856,5630,NA
ORIG206,2011,J35,Lok Wah South,1,J35,NA,802,2423,3225,NA
ORIG206,2015,J37,Lok Wah South,1,J37,NA,1687,2245,3932,NA
ORIG208,2011,NA,Lower Shing Mun,1,R14,NA,1,NA,1,pro-establishment
ORIG208,2015,R14,Lower Shing Mun,1,R14,NA,1209,2162,3371,NA
ORIG208,2019,R15,Lower Shing Mun,1,R15,3894,3124,NA,7018,NA
ORIG209,2011,S04,Lower Tai Wo Hau,1,S04,3010,1015,NA,4025,NA
ORIG209,2015,S04,Lower Tai Wo Hau,1,S04,3098,1369,NA,4467,NA
ORIG209,2019,S05,Lower Tai Wo Hau,1,S05,4463,1937,NA,6400,NA
ORIG210,2015,C29,Lower Yiu Tung,1,C29,NA,1658,1969,3627,NA
ORIG210,2019,C29,Lower Yiu Tung,1,C29,3771,2457,NA,6228,NA
ORIG210,2011,C31,Lower Yiu Tung,1,C31,1167,1370,NA,2537,NA
ORIG215,2011,F21,Lung Ping & Sheung Pak Tin,1,F21,2764,687,NA,3451,NA
ORIG215,2019,F22,Lung Ping & Sheung Pak Tin,1,F22,NA,NA,5711,5711,NA
ORIG215,2015,F23,Lung Ping & Sheung Pak Tin,1,F23,NA,NA,4293,4293,NA
ORIG216,2011,H03,Lung Sheung,1,H03,1480,3456,NA,4936,NA
ORIG216,2015,H03,Lung Sheung,1,H03,1478,2798,204,4480,NA
ORIG216,2019,H03,Lung Sheung,1,H03,NA,3581,4460,8041,NA
ORIG217,2011,G10,Lung Shing,1,G10,437,2335,NA,2772,NA
ORIG217,2015,G10,Lung Shing,1,G10,NA,2021,395,2416,NA
ORIG217,2019,G11,Lung Shing,1,G11,1884,1983,101,3968,NA
ORIG218,2011,H06,Lung Sing,1,H06,NA,2809,3095,5904,NA
ORIG218,2015,H06,Lung Sing,1,H06,2974,NA,3048,6022,NA
ORIG218,2019,H06,Lung Sing,1,H06,NA,NA,9272,9272,NA
ORIG219,2015,H01,Lung Tsui,1,H01,NA,NA,3147,3147,NA
ORIG219,2019,H01,Lung Tsui,1,H01,2911,NA,2651,5562,NA
ORIG219,2011,NA,Lung Tsui,1,H01,NA,1,NA,1,pro-establishment
ORIG22,2011,S23,Cheung Ching,1,S23,NA,NA,4066,4066,NA
ORIG22,2015,S23,Cheung Ching,1,S23,1273,3223,NA,4496,NA
ORIG22,2019,S25,Cheung Ching,1,S25,4575,3372,NA,7947,NA
ORIG220,2011,G02,Ma Hang Chung,1,G02,1156,1416,114,2686,NA
ORIG220,2015,G02,Ma Hang Chung,1,G02,1663,1618,148,3429,NA
ORIG220,2019,G03,Ma Hang Chung,1,G03,3966,2437,84,6487,NA
ORIG221,2011,R25,Ma On Shan Town Centre,1,R25,1421,NA,2180,3601,NA
ORIG221,2015,R26,Ma On Shan Town Centre,1,R26,NA,NA,3497,3497,NA
ORIG221,2019,R28,Ma On Shan Town Centre,1,R28,NA,NA,7836,7836,NA
ORIG222,2011,G03,Ma Tau Kok,1,G03,NA,1985,486,2471,NA
ORIG222,2015,G03,Ma Tau Kok,1,G03,768,1790,NA,2558,NA
ORIG222,2019,G04,Ma Tau Kok,1,G04,2499,2195,40,4734,NA
ORIG223,2011,G01,Ma Tau Wai,1,G01,2585,1773,NA,4358,NA
ORIG223,2015,G01,Ma Tau Wai,1,G01,2625,2670,NA,5295,NA
ORIG223,2019,G01,Ma Tau Wai,1,G01,4264,3712,93,8069,NA
ORIG225,2011,F13,Mei Foo Central,1,F13,1375,1812,NA,3187,NA
ORIG225,2015,F14,Mei Foo Central,1,F14,1803,1675,241,3719,NA
ORIG225,2019,F16,Mei Foo Central,1,F16,3666,2430,NA,6096,NA
ORIG226,2011,F14,Mei Foo North,1,F14,950,2204,NA,3154,NA
ORIG226,2015,F15,Mei Foo North,1,F15,1816,NA,2636,4452,NA
ORIG226,2019,F17,Mei Foo North,1,F17,4154,NA,2540,6694,NA
ORIG227,2011,F12,Mei Foo South,1,F12,1908,1987,159,4054,NA
ORIG227,2015,F13,Mei Foo South,1,F13,2193,2421,179,4793,NA
ORIG227,2019,F15,Mei Foo South,1,F15,4020,NA,3117,7137,NA
ORIG228,2011,A02,Mid Levels East,1,A02,927,1432,108,2467,NA
ORIG228,2015,A02,Mid Levels East,1,A02,1521,NA,1466,2987,NA
ORIG228,2019,A02,Mid Levels East,1,A02,2672,1993,NA,4665,NA
ORIG229,2011,E14,Mong Kok East,1,E14,1116,NA,1110,2226,NA
ORIG229,2015,E14,Mong Kok East,1,E14,1172,NA,1554,2726,NA
ORIG229,2019,E14,Mong Kok East,1,E14,2663,1821,NA,4484,NA
ORIG23,2011,S27,Cheung Hang,1,S27,1925,NA,1877,3802,NA
ORIG23,2015,S27,Cheung Hang,1,S27,1838,2814,333,4985,NA
ORIG23,2019,S29,Cheung Hang,1,S29,3270,3759,NA,7029,NA
ORIG230,2011,E13,Mong Kok North,1,E13,597,1537,NA,2134,NA
ORIG230,2015,E13,Mong Kok North,1,E13,869,1712,NA,2581,NA
ORIG230,2019,E13,Mong Kok North,1,E13,NA,2076,2161,4237,NA
ORIG231,2011,E15,Mong Kok South,1,E15,608,1610,NA,2218,NA
ORIG231,2019,E15,Mong Kok South,1,E15,1977,NA,1747,3724,NA
ORIG231,2015,NA,Mong Kok South,1,E15,NA,NA,1,1,independent
ORIG233,2019,C15,Mount Parker,1,C15,2491,2664,NA,5155,NA
ORIG233,2011,NA,Mount Parker,1,C14,NA,1,NA,1,pro-establishment
ORIG233,2015,NA,Mount Parker,1,C14,NA,1,NA,1,pro-establishment
ORIG240,2015,C24,Nam Fung,1,C24,3343,NA,1224,4567,NA
ORIG240,2019,C25,Nam Fung,1,C25,4315,2275,NA,6590,NA
ORIG240,2011,C26,Nam Fung,1,C26,1841,NA,1689,3530,NA
ORIG242,2011,M03,Nam Ping,1,M03,2780,1004,NA,3784,NA
ORIG242,2015,M03,Nam Ping,1,M03,2598,1249,246,4093,NA
ORIG242,2019,M07,Nam Ping,1,M07,3727,2102,126,5955,NA
ORIG243,2011,F20,"Nam Shan, Tai Hang Tung & Tai Hang Sai",1,F20,2098,2291,259,4648,NA
ORIG243,2015,F22,"Nam Shan, Tai Hang Tung & Tai Hang Sai",1,F22,NA,NA,4608,4608,NA
ORIG243,2019,F25,"Nam Shan, Tai Hang Tung & Tai Hang Sai",1,F25,NA,NA,7940,7940,NA
ORIG245,2011,Q10,O Tong,1,Q10,2197,923,NA,3120,NA
ORIG245,2015,Q11,O Tong,1,Q11,1831,1036,1314,4181,NA
ORIG245,2019,Q13,O Tong,1,Q13,4722,NA,2762,7484,NA
ORIG246,2011,G22,Oi Chun,1,G22,1643,2835,70,4548,NA
ORIG246,2015,G24,Oi Chun,1,G24,1842,NA,2772,4614,NA
ORIG246,2019,G25,Oi Chun,1,G25,3237,3268,454,6959,NA
ORIG247,2011,B02,Oi Kwan,1,B02,730,1552,NA,2282,NA
ORIG247,2015,B02,Oi Kwan,1,B02,NA,1367,915,2282,NA
ORIG247,2019,B02,Oi Kwan,1,B02,NA,1750,2363,4113,NA
ORIG248,2011,G21,Oi Man,1,G21,1726,2821,NA,4547,NA
ORIG248,2015,G23,Oi Man,1,G23,1547,2806,NA,4353,NA
ORIG248,2019,G24,Oi Man,1,G24,3625,3176,NA,6801,NA
ORIG25,2011,NA,Cheung On,1,S29,NA,1,NA,1,pro-establishment
ORIG25,2015,S29,Cheung On,1,S29,2021,2359,NA,4380,NA
ORIG25,2019,S31,Cheung On,1,S31,3711,2983,289,6983,NA
ORIG250,2011,E08,Olympic,1,E08,1113,886,NA,1999,NA
ORIG250,2015,E08,Olympic,1,E08,1531,NA,1414,2945,NA
ORIG250,2019,E08,Olympic,1,E08,2957,NA,2130,5087,NA
ORIG251,2011,S19,On Ho,1,S19,1395,NA,2536,3931,NA
ORIG251,2015,S19,On Ho,1,S19,2667,3021,NA,5688,NA
ORIG251,2019,S21,On Ho,1,S21,5642,3620,210,9472,NA
ORIG255,2019,L03,On Ting,1,L03,4204,3313,NA,7517,NA
ORIG255,2011,L04,On Ting,1,L04,2639,1245,NA,3884,NA
ORIG255,2015,L04,On Ting,1,L04,2383,2216,NA,4599,NA
ORIG256,2011,S08,On Yam,1,S08,1838,NA,2768,4606,NA
ORIG256,2015,S08,On Yam,1,S08,1831,2714,NA,4545,NA
ORIG256,2019,S11,On Yam,1,S11,3585,3308,NA,6893,NA
ORIG257,2011,J19,Pak Nga,1,J19,NA,2019,1617,3636,NA
ORIG257,2015,J20,Pak Nga,1,J20,1528,2666,138,4332,NA
ORIG257,2019,J21,Pak Nga,1,J21,3825,3066,138,7029,NA
ORIG258,2011,NA,Pak Sha Wan,1,Q02,NA,1,NA,1,pro-establishment
ORIG258,2015,Q02,Pak Sha Wan,1,Q02,NA,1539,1109,2648,NA
ORIG258,2019,Q02,Pak Sha Wan,1,Q02,2805,2109,NA,4914,NA
ORIG259,2011,M30,Pat Heung North,1,M30,283,1439,1350,3072,NA
ORIG259,2015,M34,Pat Heung North,1,M34,NA,NA,3277,3277,NA
ORIG259,2019,M38,Pat Heung North,1,M38,NA,NA,5405,5405,NA
ORIG26,2015,F02,Cheung Sha Wan,1,F02,1307,1491,246,3044,NA
ORIG26,2019,F02,Cheung Sha Wan,1,F02,3359,2103,41,5503,NA
ORIG26,2011,NA,Cheung Sha Wan,1,F02,NA,1,NA,1,pro-establishment
ORIG260,2011,M31,Pat Heung South,1,M31,767,2747,NA,3514,NA
ORIG260,2015,M35,Pat Heung South,1,M35,NA,NA,4354,4354,NA
ORIG260,2019,M39,Pat Heung South,1,M39,NA,NA,7275,7275,NA
ORIG261,2011,A04,Peak,1,A04,820,1505,NA,2325,NA
ORIG261,2015,A04,Peak,1,A04,NA,1837,317,2154,NA
ORIG261,2019,A04,Peak,1,A04,NA,2422,1106,3528,NA
ORIG263,2015,NA,Peng Chau & Hei Ling Chau,1,T07,NA,NA,1,1,independent
ORIG263,2011,T07,Peng Chau & Hei Ling Chau,1,T07,NA,NA,2449,2449,NA
ORIG263,2019,T08,Peng Chau & Hei Ling Chau,1,T08,NA,NA,2592,2592,NA
ORIG268,2011,J05,Ping Shek,1,J05,817,2759,NA,3576,NA
ORIG268,2019,J05,Ping Shek,1,J05,2982,2849,NA,5831,NA
ORIG268,2015,NA,Ping Shek,1,J05,NA,1,NA,1,pro-establishment
ORIG271,2011,F01,Po Lai,1,F01,1235,883,NA,2118,NA
ORIG271,2015,F01,Po Lai,1,F01,1929,1664,NA,3593,NA
ORIG271,2019,F01,Po Lai,1,F01,3517,1860,122,5499,NA
ORIG272,2011,Q15,Po Lam,1,Q15,872,2373,NA,3245,NA
ORIG272,2015,Q17,Po Lam,1,Q17,913,3225,NA,4138,NA
ORIG272,2019,Q18,Po Lam,1,Q18,4599,3385,NA,7984,NA
ORIG273,2011,J27,Po Lok,1,J27,751,1924,NA,2675,NA
ORIG273,2015,J28,Po Lok,1,J28,2097,1717,NA,3814,NA
ORIG273,2019,J31,Po Lok,1,J31,4070,2252,NA,6322,NA
ORIG28,2011,N03,Cheung Wah,1,N03,NA,2508,2344,4852,NA
ORIG28,2015,N03,Cheung Wah,1,N03,3524,NA,1747,5271,NA
ORIG28,2019,N03,Cheung Wah,1,N03,4446,2678,1381,8505,NA
ORIG280,2011,L27,Prime View,1,L27,2981,711,NA,3692,NA
ORIG280,2015,L27,Prime View,1,L27,2970,NA,1126,4096,NA
ORIG280,2019,L31,Prime View,1,L31,5534,2649,NA,8183,NA
ORIG281,2011,G08,Prince,1,G08,604,1554,NA,2158,NA
ORIG281,2019,G09,Prince,1,G09,2512,NA,2383,4895,NA
ORIG281,2015,NA,Prince,1,G08,NA,NA,1,1,independent
ORIG282,2019,C19,Provident,1,C19,3181,3229,90,6500,NA
ORIG282,2011,NA,Provident,1,C20,NA,NA,1,1,independent
ORIG282,2015,NA,Provident,1,C18,NA,1,NA,1,pro-establishment
ORIG283,2015,C23,Quarry Bay,1,C23,NA,1656,1010,2666,NA
ORIG283,2019,C24,Quarry Bay,1,C24,2700,2176,NA,4876,NA
ORIG283,2011,NA,Quarry Bay,1,C25,NA,1,NA,1,pro-establishment
ORIG284,2011,N17,Queen's Hill,1,N17,NA,2106,1779,3885,NA
ORIG284,2019,N18,Queen's Hill,1,N18,NA,2054,3518,5572,NA
ORIG284,2015,NA,Queen's Hill,1,N18,NA,1,NA,1,pro-establishment
ORIG285,2011,NA,Sai Kung Central,1,Q01,NA,1,NA,1,pro-establishment
ORIG285,2015,Q01,Sai Kung Central,1,Q01,NA,NA,2566,2566,NA
ORIG285,2019,Q01,Sai Kung Central,1,Q01,2550,2137,NA,4687,NA
ORIG286,2015,NA,Sai Kung Islands,1,Q03,NA,1,NA,1,pro-establishment
ORIG286,2011,Q03,Sai Kung Islands,1,Q03,NA,935,357,1292,NA
ORIG286,2019,Q03,Sai Kung Islands,1,Q03,2127,1552,NA,3679,NA
ORIG287,2011,P19,Sai Kung North,1,P19,NA,1404,710,2114,NA
ORIG287,2015,P19,Sai Kung North,1,P19,NA,1024,1004,2028,NA
ORIG287,2019,P19,Sai Kung North,1,P19,2730,1964,NA,4694,NA
ORIG288,2011,A08,Sai Wan,1,A08,1631,1655,NA,3286,NA
ORIG288,2015,A08,Sai Wan,1,A08,1898,2011,NA,3909,NA
ORIG288,2019,A08,Sai Wan,1,A08,3289,2494,40,5823,NA
ORIG289,2019,C04,Sai Wan Ho,1,C04,6853,NA,NA,6853,NA
ORIG289,2015,C28,Sai Wan Ho,1,C28,2222,NA,1956,4178,NA
ORIG289,2011,C30,Sai Wan Ho,1,C30,NA,NA,3301,3301,NA
ORIG29,2011,H24,Chi Choi,1,H24,1425,1712,NA,3137,NA
ORIG29,2015,H24,Chi Choi,1,H24,2083,2078,NA,4161,NA
ORIG29,2019,H24,Chi Choi,1,H24,4055,2856,NA,6911,NA
ORIG290,2011,A11,Sai Ying Pun,1,A11,900,1875,NA,2775,NA
ORIG290,2015,A11,Sai Ying Pun,1,A11,1204,1790,NA,2994,NA
ORIG290,2019,A11,Sai Ying Pun,1,A11,2734,2202,NA,4936,NA
ORIG292,2011,P12,San Fu,1,P12,NA,NA,3097,3097,NA
ORIG292,2015,P12,San Fu,1,P12,2064,NA,2576,4640,NA
ORIG292,2019,P12,San Fu,1,P12,4435,3424,NA,7859,NA
ORIG294,2011,L21,San King,1,L21,2533,1085,NA,3618,NA
ORIG294,2015,L21,San King,1,L21,2686,1243,NA,3929,NA
ORIG294,2019,L22,San King,1,L22,4698,2040,NA,6738,NA
ORIG3,2015,C04,Aldrich Bay,1,C04,2401,2720,NA,5121,NA
ORIG3,2019,C05,Aldrich Bay,1,C05,4600,3771,86,8457,NA
ORIG3,2011,NA,Aldrich Bay,1,C04,NA,1,NA,1,pro-establishment
ORIG300,2011,R07,Sha Kok,1,R07,NA,2425,844,3269,NA
ORIG300,2015,R07,Sha Kok,1,R07,2627,2437,NA,5064,NA
ORIG300,2019,R07,Sha Kok,1,R07,NA,2930,4363,7293,NA
ORIG301,2011,N15,Sha Ta,1,N15,NA,2694,1773,4467,NA
ORIG301,2015,N16,Sha Ta,1,N16,NA,2307,1866,4173,NA
ORIG301,2019,N16,Sha Ta,1,N16,NA,3143,2242,5385,NA
ORIG303,2011,L08,Shan King,1,L08,NA,NA,3154,3154,NA
ORIG303,2015,L08,Shan King,1,L08,NA,NA,3458,3458,NA
ORIG303,2019,L08,Shan King,1,L08,4780,NA,2653,7433,NA
ORIG309,2011,C05,Shaukeiwan,1,C05,1107,1260,NA,2367,NA
ORIG309,2015,C05,Shaukeiwan,1,C05,NA,1444,1536,2980,NA
ORIG309,2019,C06,Shaukeiwan,1,C06,NA,1903,3215,5118,NA
ORIG31,2011,S28,Ching Fat,1,S28,4309,NA,NA,4309,NA
ORIG31,2015,S28,Ching Fat,1,S28,2283,NA,3163,5446,NA
ORIG31,2019,S30,Ching Fat,1,S30,5061,NA,3888,8949,NA
ORIG317,2011,A10,Shek Tong Tsui,1,A10,705,1871,NA,2576,NA
ORIG317,2015,A10,Shek Tong Tsui,1,A10,1336,NA,1898,3234,NA
ORIG317,2019,A10,Shek Tong Tsui,1,A10,3073,NA,2487,5560,NA
ORIG318,2015,K17,Shek Wai Kok,1,K17,NA,2356,1035,3391,NA
ORIG318,2019,K17,Shek Wai Kok,1,K17,2464,2684,NA,5148,NA
ORIG318,2011,NA,Shek Wai Kok,1,K16,NA,1,NA,1,pro-establishment
ORIG320,2011,S07,Shek Yam,1,S07,2891,1700,NA,4591,NA
ORIG320,2015,S07,Shek Yam,1,S07,2853,2907,NA,5760,NA
ORIG320,2019,S08,Shek Yam,1,S08,4891,3731,NA,8622,NA
ORIG321,2011,D14,Shek Yue,1,D14,NA,3001,1380,4381,NA
ORIG321,2019,D14,Shek Yue,1,D14,4263,3321,NA,7584,NA
ORIG321,2015,NA,Shek Yue,1,D14,NA,1,NA,1,pro-establishment
ORIG323,2011,G05,Sheung Lok,1,G05,1368,2820,NA,4188,NA
ORIG323,2015,G05,Sheung Lok,1,G05,2332,2776,209,5317,NA
ORIG323,2019,G06,Sheung Lok,1,G06,4583,3250,119,7952,NA
ORIG325,2019,J09,Sheung Shun,1,J09,3006,NA,5149,8155,NA
ORIG325,2011,NA,Sheung Shun,1,J09,NA,1,NA,1,pro-establishment
ORIG325,2015,NA,Sheung Shun,1,J09,NA,NA,1,1,independent
ORIG326,2019,Q14,Sheung Tak,1,Q14,5585,3527,NA,9112,NA
ORIG326,2011,Q22,Sheung Tak,1,Q22,1004,2533,1934,5471,NA
ORIG326,2015,Q24,Sheung Tak,1,Q24,1662,2978,650,5290,NA
ORIG327,2011,A12,Sheung Wan,1,A12,1720,910,NA,2630,NA
ORIG327,2015,A12,Sheung Wan,1,A12,1436,NA,1344,2780,NA
ORIG327,2019,A12,Sheung Wan,1,A12,2781,1900,NA,4681,NA
ORIG33,2011,M21,Ching King,1,M21,1443,1848,190,3481,NA
ORIG33,2015,M24,Ching King,1,M24,NA,2423,632,3055,NA
ORIG33,2019,M29,Ching King,1,M29,3809,3154,NA,6963,NA
ORIG331,2015,NA,Shuen Wan,1,P18,NA,NA,1,1,independent
ORIG331,2011,P18,Shuen Wan,1,P18,NA,1042,1506,2548,NA
ORIG331,2019,P18,Shuen Wan,1,P18,NA,NA,7027,7027,NA
ORIG333,2015,M16,Shui Oi,1,M16,NA,3136,1434,4570,NA
ORIG333,2019,M23,Shui Oi,1,M23,4605,3005,960,8570,NA
ORIG333,2011,NA,Shui Oi,1,M13,NA,1,NA,1,pro-establishment
ORIG334,2011,M02,Shui Pin,1,M02,NA,2344,1178,3522,NA
ORIG334,2019,M06,Shui Pin,1,M06,3799,NA,3552,7351,NA
ORIG334,2015,NA,Shui Pin,1,M02,NA,NA,1,1,independent
ORIG336,2015,J08,Shun Tin,1,J08,2864,2764,NA,5628,NA
ORIG336,2019,J08,Shun Tin,1,J08,5123,3136,NA,8259,NA
ORIG336,2011,NA,Shun Tin,1,J08,NA,1,NA,1,pro-establishment
ORIG337,2011,L02,Siu Chi,1,L02,2854,648,314,3816,NA
ORIG337,2015,L02,Siu Chi,1,L02,3551,1532,232,5315,NA
ORIG337,2019,L02,Siu Chi,1,L02,5798,NA,1623,7421,NA
ORIG338,2011,L16,Siu Hei,1,L16,1608,1174,NA,2782,NA
ORIG338,2015,L16,Siu Hei,1,L16,2021,1488,NA,3509,NA
ORIG338,2019,L16,Siu Hei,1,L16,3934,1808,NA,5742,NA
ORIG339,2011,L26,Siu Hong,1,L26,2262,1587,NA,3849,NA
ORIG339,2015,L26,Siu Hong,1,L26,2267,2677,80,5024,NA
ORIG339,2019,L27,Siu Hong,1,L27,3784,2939,NA,6723,NA
ORIG34,2015,H17,Ching Oi,1,H17,2048,3243,NA,5291,NA
ORIG34,2019,H17,Ching Oi,1,H17,5764,3670,NA,9434,NA
ORIG34,2011,NA,Ching Oi,1,H17,NA,1,NA,1,pro-establishment
ORIG340,2015,C10,Siu Sai Wan,1,C10,1229,1981,783,3993,NA
ORIG340,2019,C11,Siu Sai Wan,1,C11,3212,2485,288,5985,NA
ORIG340,2011,NA,Siu Sai Wan,1,C10,NA,NA,1,1,independent
ORIG341,2011,L03,Siu Tsui,1,L03,3132,1742,NA,4874,NA
ORIG341,2015,L03,Siu Tsui,1,L03,2536,3138,192,5866,NA
ORIG341,2019,L04,Siu Tsui,1,L04,5769,4224,NA,9993,NA
ORIG344,2011,D06,South Horizons East,1,D06,1161,2275,NA,3436,NA
ORIG344,2015,D06,South Horizons East,1,D06,1845,NA,2823,4668,NA
ORIG344,2019,D06,South Horizons East,1,D06,3750,NA,2960,6710,NA
ORIG345,2011,D07,South Horizons West,1,D07,2088,1894,42,4024,NA
ORIG345,2015,D07,South Horizons West,1,D07,2245,2945,NA,5190,NA
ORIG345,2019,D07,South Horizons West,1,D07,7400,NA,NA,7400,NA
ORIG346,2011,B10,Southorn,1,B10,324,1604,NA,1928,NA
ORIG346,2015,B12,Southorn,1,B12,NA,NA,1900,1900,NA
ORIG346,2019,B12,Southorn,1,B12,NA,NA,3442,3442,NA
ORIG348,2011,B09,Stubbs Road,1,B09,524,NA,1068,1592,NA
ORIG348,2015,B11,Stubbs Road,1,B11,NA,NA,1792,1792,NA
ORIG348,2019,B11,Stubbs Road,1,B11,NA,NA,3499,3499,NA
ORIG35,2011,H18,Ching On,1,H18,3762,1131,NA,4893,NA
ORIG35,2019,H18,Ching On,1,H18,5862,2584,NA,8446,NA
ORIG35,2015,NA,Ching On,1,H18,1,NA,NA,1,pro-democracy
ORIG350,2011,R11,Sun Tin Wai,1,R11,2317,1309,NA,3626,NA
ORIG350,2015,R11,Sun Tin Wai,1,R11,2455,1488,NA,3943,NA
ORIG350,2019,R12,Sun Tin Wai,1,R12,4212,2737,NA,6949,NA
ORIG352,2011,B11,Tai Fat Hau,1,B11,610,1765,NA,2375,NA
ORIG352,2015,B13,Tai Fat Hau,1,B13,NA,1505,793,2298,NA
ORIG352,2019,B13,Tai Fat Hau,1,B13,NA,1625,1723,3348,NA
ORIG353,2011,B05,Tai Hang,1,B05,1106,1266,43,2415,NA
ORIG353,2015,B07,Tai Hang,1,B07,NA,1148,1398,2546,NA
ORIG353,2019,B07,Tai Hang,1,B07,NA,NA,3773,3773,NA
ORIG355,2011,E10,Tai Kok Tsui South,1,E10,1077,1543,NA,2620,NA
ORIG355,2015,E10,Tai Kok Tsui South,1,E10,1362,1608,NA,2970,NA
ORIG355,2019,E10,Tai Kok Tsui South,1,E10,2632,2068,NA,4700,NA
ORIG356,2011,C02,Tai Koo Shing East,1,C02,1625,2270,NA,3895,NA
ORIG356,2015,C02,Tai Koo Shing East,1,C02,NA,NA,5261,5261,NA
ORIG356,2019,C02,Tai Koo Shing East,1,C02,7954,NA,NA,7954,NA
ORIG357,2011,C01,Tai Koo Shing West,1,C01,2529,1491,NA,4020,NA
ORIG357,2015,C01,Tai Koo Shing West,1,C01,NA,NA,4630,4630,NA
ORIG357,2019,C01,Tai Koo Shing West,1,C01,4390,2593,NA,6983,NA
ORIG36,2011,S15,Cho Yiu,1,S15,NA,NA,2653,2653,NA
ORIG36,2015,S15,Cho Yiu,1,S15,1230,3566,NA,4796,NA
ORIG36,2019,S18,Cho Yiu,1,S18,NA,3107,3297,6404,NA
ORIG362,2011,P02,Tai Po Central,1,P02,1271,634,815,2720,NA
ORIG362,2015,P02,Tai Po Central,1,P02,1866,1444,384,3694,NA
ORIG362,2019,P03,Tai Po Central,1,P03,NA,2136,4279,6415,NA
ORIG363,2011,P01,Tai Po Hui,1,P01,880,1172,NA,2052,NA
ORIG363,2015,P01,Tai Po Hui,1,P01,NA,1096,865,1961,NA
ORIG363,2019,P01,Tai Po Hui,1,P01,2466,NA,1886,4352,NA
ORIG365,2011,R32,Tai Shui Hang,1,R32,2044,1345,766,4155,NA
ORIG365,2015,R34,Tai Shui Hang,1,R34,2964,2629,NA,5593,NA
ORIG365,2019,R35,Tai Shui Hang,1,R35,5157,3626,NA,8783,NA
ORIG366,2011,R18,Tai Wai,1,R18,2921,3302,NA,6223,NA
ORIG366,2015,R19,Tai Wai,1,R19,2087,3649,NA,5736,NA
ORIG366,2019,R20,Tai Wai,1,R20,4198,4114,802,9114,NA
ORIG367,2015,NA,Tai Wo,1,P15,NA,NA,1,1,independent
ORIG367,2011,P15,Tai Wo,1,P15,NA,NA,3924,3924,NA
ORIG367,2019,P15,Tai Wo,1,P15,4370,NA,3093,7463,NA
ORIG368,2011,P04,Tai Yuen,1,P04,NA,1746,1293,3039,NA
ORIG368,2015,P04,Tai Yuen,1,P04,1334,2017,NA,3351,NA
ORIG368,2019,P04,Tai Yuen,1,P04,3693,2135,560,6388,NA
ORIG369,2015,NA,Tak Ming,1,Q23,NA,1,NA,1,pro-establishment
ORIG369,2011,Q21,Tak Ming,1,Q21,NA,2522,1244,3766,NA
ORIG369,2019,Q25,Tak Ming,1,Q25,5420,4217,NA,9637,NA
ORIG37,2011,H25,Choi Hung,1,H25,1232,NA,2802,4034,NA
ORIG37,2015,H25,Choi Hung,1,H25,NA,2898,1639,4537,NA
ORIG37,2019,H25,Choi Hung,1,H25,3523,3439,NA,6962,NA
ORIG371,2015,C21,Tanner,1,C21,2338,2039,NA,4377,NA
ORIG371,2019,C22,Tanner,1,C22,3947,2899,NA,6846,NA
ORIG371,2011,C23,Tanner,1,C23,NA,NA,2580,2580,NA
ORIG372,2015,B05,Tin Hau,1,B05,1021,2236,NA,3257,NA
ORIG372,2019,B06,Tin Hau,1,B06,NA,NA,5522,5522,NA
ORIG372,2011,C16,Tin Hau,1,C16,1079,1995,NA,3074,NA
ORIG373,2015,M22,Tin Heng,1,M22,1317,2749,846,4912,NA
ORIG373,2019,M32,Tin Heng,1,M32,NA,3731,6078,9809,NA
ORIG373,2011,NA,Tin Heng,1,M19,NA,NA,1,1,independent
ORIG374,2011,H12,Tin Keung,1,H12,1501,2987,NA,4488,NA
ORIG374,2015,H12,Tin Keung,1,H12,2207,2772,NA,4979,NA
ORIG374,2019,H12,Tin Keung,1,H12,4608,3075,NA,7683,NA
ORIG375,2011,L23,Tin King,1,L23,1098,2306,NA,3404,NA
ORIG375,2015,L23,Tin King,1,L23,NA,2295,1321,3616,NA
ORIG375,2019,L24,Tin King,1,L24,5012,3038,37,8087,NA
ORIG376,2011,N16,Tin Ping East,1,N16,1163,1241,1084,3488,NA
ORIG376,2015,N17,Tin Ping East,1,N17,1726,1567,603,3896,NA
ORIG376,2019,N17,Tin Ping East,1,N17,4513,2500,143,7156,NA
ORIG377,2011,N13,Tin Ping West,1,N13,1510,1896,NA,3406,NA
ORIG377,2015,N14,Tin Ping West,1,N14,1445,2219,797,4461,NA
ORIG377,2019,N14,Tin Ping West,1,N14,4470,2925,NA,7395,NA
ORIG379,2015,NA,Tin Sum,1,R17,NA,1,NA,1,pro-establishment
ORIG379,2011,R16,Tin Sum,1,R16,NA,1612,521,2133,NA
ORIG379,2019,R18,Tin Sum,1,R18,3399,3078,NA,6477,NA
ORIG38,2019,Q06,Choi Kin,1,Q06,434,1306,6801,8541,NA
ORIG38,2011,Q09,Choi Kin,1,Q09,NA,747,2467,3214,NA
ORIG38,2015,Q10,Choi Kin,1,Q10,NA,1791,2873,4664,NA
ORIG380,2019,D13,Tin Wan,1,D13,4191,NA,2602,6793,NA
ORIG380,2011,NA,Tin Wan,1,D13,NA,1,NA,1,pro-establishment
ORIG380,2015,NA,Tin Wan,1,D13,NA,NA,NA,1,Independent
ORIG382,2011,J31,Ting On,1,J31,2419,1638,NA,4057,NA
ORIG382,2015,J32,Ting On,1,J32,2097,NA,2159,4256,NA
ORIG382,2019,J37,Ting On,1,J37,3522,NA,2752,6274,NA
ORIG384,2011,G13,To Kwa Wan North,1,G13,322,1534,NA,1856,NA
ORIG384,2015,G15,To Kwa Wan North,1,G15,NA,NA,1925,1925,NA
ORIG384,2019,G16,To Kwa Wan North,1,G16,1538,1881,NA,3419,NA
ORIG385,2011,G14,To Kwa Wan South,1,G14,1476,1296,NA,2772,NA
ORIG385,2015,G16,To Kwa Wan South,1,G16,NA,NA,2739,2739,NA
ORIG385,2019,G17,To Kwa Wan South,1,G17,1936,NA,1873,3809,NA
ORIG386,2019,J40,To Tai,1,J40,3940,NA,2398,6338,NA
ORIG386,2011,NA,To Tai,1,J33,NA,NA,1,1,independent
ORIG386,2015,NA,To Tai,1,J35,NA,NA,1,1,independent
ORIG390,2011,S21,Tsing Yi Estate,1,S21,NA,NA,3992,3992,NA
ORIG390,2015,S21,Tsing Yi Estate,1,S21,NA,NA,4439,4439,NA
ORIG390,2019,S23,Tsing Yi Estate,1,S23,4727,NA,3194,7921,NA
ORIG391,2011,NA,Tsing Yi South,1,S26,NA,1,NA,1,pro-establishment
ORIG391,2015,S26,Tsing Yi South,1,S26,1654,3214,NA,4868,NA
ORIG391,2019,S28,Tsing Yi South,1,S28,4662,3899,NA,8561,NA
ORIG392,2011,K07,Tsuen Wan Centre,1,K07,1657,1617,NA,3274,NA
ORIG392,2015,K07,Tsuen Wan Centre,1,K07,2235,2074,NA,4309,NA
ORIG392,2019,K07,Tsuen Wan Centre,1,K07,3887,2479,NA,6366,NA
ORIG398,2015,H13,Tsui Chuk & Pang Ching,1,H13,NA,NA,5660,5660,NA
ORIG398,2019,H13,Tsui Chuk & Pang Ching,1,H13,NA,NA,8401,8401,NA
ORIG398,2011,NA,Tsui Chuk & Pang Ching,1,H13,NA,1,NA,1,pro-establishment
ORIG399,2011,L07,Tsui Hing,1,L07,1175,NA,1895,3070,NA
ORIG399,2019,L07,Tsui Hing,1,L07,4662,3028,NA,7690,NA
ORIG399,2015,NA,Tsui Hing,1,L07,NA,1,NA,1,pro-establishment
ORIG4,2015,K08,Allway,1,K08,1777,NA,2820,4597,NA
ORIG4,2019,K15,Allway,1,K15,4444,NA,3446,7890,NA
ORIG4,2011,NA,Allway,1,K08,NA,1,NA,1,pro-establishment
ORIG40,2011,H21,Choi Wan East,1,H21,2025,1533,55,3613,NA
ORIG40,2015,H21,Choi Wan East,1,H21,1551,2201,129,3881,NA
ORIG40,2019,H21,Choi Wan East,1,H21,2976,2773,NA,5749,NA
ORIG400,2011,Q14,Tsui Lam,1,Q14,NA,3133,1220,4353,NA
ORIG400,2015,Q16,Tsui Lam,1,Q16,1396,3051,NA,4447,NA
ORIG400,2019,Q17,Tsui Lam,1,Q17,4222,NA,3389,7611,NA
ORIG401,2011,J26,Tsui Ping,1,J26,NA,3067,2805,5872,NA
ORIG401,2015,J27,Tsui Ping,1,J27,1134,3457,NA,4591,NA
ORIG401,2019,J29,Tsui Ping,1,J29,4203,3822,NA,8025,NA
ORIG403,2011,C08,Tsui Wan,1,C08,1926,2336,NA,4262,NA
ORIG403,2015,C08,Tsui Wan,1,C08,NA,1572,2879,4451,NA
ORIG403,2019,C09,Tsui Wan,1,C09,NA,2847,3569,6416,NA
ORIG404,2015,H19,Tsz Wan East,1,H19,1585,3192,NA,4777,NA
ORIG404,2019,H19,Tsz Wan East,1,H19,4709,3624,NA,8333,NA
ORIG404,2011,NA,Tsz Wan East,1,H19,NA,1,NA,1,pro-establishment
ORIG405,2011,H16,Tsz Wan West,1,H16,2502,2596,NA,5098,NA
ORIG405,2015,H16,Tsz Wan West,1,H16,2405,3285,362,6052,NA
ORIG405,2019,H16,Tsz Wan West,1,H16,5010,3642,NA,8652,NA
ORIG41,2011,H22,Choi Wan South,1,H22,2244,1088,NA,3332,NA
ORIG41,2015,H22,Choi Wan South,1,H22,2432,1321,NA,3753,NA
ORIG41,2019,H22,Choi Wan South,1,H22,3335,2414,NA,5749,NA
ORIG412,2011,H09,Tung Mei,1,H09,1878,1607,NA,3485,NA
ORIG412,2015,H09,Tung Mei,1,H09,2894,1597,NA,4491,NA
ORIG412,2019,H09,Tung Mei,1,H09,4854,2314,NA,7168,NA
ORIG413,2015,H08,Tung Tau,1,H08,NA,2710,1448,4158,NA
ORIG413,2019,H08,Tung Tau,1,H08,3822,3659,NA,7481,NA
ORIG413,2011,NA,Tung Tau,1,H08,NA,1,NA,1,pro-establishment
ORIG414,2011,A13,Tung Wah,1,A13,1032,1168,NA,2200,NA
ORIG414,2015,A13,Tung Wah,1,A13,980,1352,NA,2332,NA
ORIG414,2019,A13,Tung Wah,1,A13,2403,1547,NA,3950,NA
ORIG417,2011,A05,University,1,A05,530,2169,NA,2699,NA
ORIG417,2015,A05,University,1,A05,1455,NA,1844,3299,NA
ORIG417,2019,A05,University,1,A05,NA,NA,6105,6105,NA
ORIG419,2011,S03,Upper Tai Wo Hau,1,S03,2329,632,NA,2961,NA
ORIG419,2015,S03,Upper Tai Wo Hau,1,S03,2217,1589,NA,3806,NA
ORIG419,2019,S04,Upper Tai Wo Hau,1,S04,3118,2332,NA,5450,NA
ORIG42,2011,H23,Choi Wan West,1,H23,1554,1819,200,3573,NA
ORIG42,2015,H23,Choi Wan West,1,H23,1810,2682,NA,4492,NA
ORIG42,2019,H23,Choi Wan West,1,H23,3501,2936,NA,6437,NA
ORIG420,2019,C30,Upper Yiu Tung,1,C30,3492,3124,NA,6616,NA
ORIG420,2011,NA,Upper Yiu Tung,1,C32,NA,1,NA,1,pro-establishment
ORIG420,2015,NA,Upper Yiu Tung,1,C30,NA,1,NA,1,pro-establishment
ORIG421,2019,B05,Victoria Park,1,B05,2502,2125,NA,4627,NA
ORIG421,2011,NA,Victoria Park,1,C18,NA,NA,1,1,independent
ORIG421,2015,NA,Victoria Park,1,B04,NA,1,NA,1,pro-establishment
ORIG427,2011,D08,Wah Kwai,1,D08,2460,2611,NA,5071,NA
ORIG427,2015,D08,Wah Kwai,1,D08,2652,2699,94,5445,NA
ORIG427,2019,D08,Wah Kwai,1,D08,4540,3111,NA,7651,NA
ORIG428,2011,NA,Wah Lai,1,S13,NA,NA,1,1,independent
ORIG428,2015,S13,Wah Lai,1,S13,NA,2130,970,3100,NA
ORIG428,2019,S16,Wah Lai,1,S16,3469,2998,213,6680,NA
ORIG429,2011,N05,Wah Ming,1,N05,1517,2219,NA,3736,NA
ORIG429,2015,N05,Wah Ming,1,N05,2660,1814,NA,4474,NA
ORIG429,2019,N05,Wah Ming,1,N05,5314,3124,214,8652,NA
ORIG43,2011,N11,Choi Yuen,1,N11,2022,2773,NA,4795,NA
ORIG43,2015,N12,Choi Yuen,1,N12,NA,2481,1975,4456,NA
ORIG43,2019,N12,Choi Yuen,1,N12,4295,3305,177,7777,NA
ORIG433,2015,NA,Wai Ying,1,S20,NA,1,NA,1,pro-establishment
ORIG433,2011,S20,Wai Ying,1,S20,1242,2404,NA,3646,NA
ORIG433,2019,S22,Wai Ying,1,S22,5194,3480,NA,8674,NA
ORIG439,2011,P11,Wan Tau Tong,1,P11,1311,2881,499,4691,NA
ORIG439,2015,P11,Wan Tau Tong,1,P11,2123,NA,2711,4834,NA
ORIG439,2019,P11,Wan Tau Tong,1,P11,5541,NA,3603,9144,NA
ORIG440,2015,C12,Wan Tsui,1,C12,1436,2227,NA,3663,NA
ORIG440,2019,C13,Wan Tsui,1,C13,3412,2866,39,6317,NA
ORIG440,2011,NA,Wan Tsui,1,C12,NA,1,NA,1,pro-establishment
ORIG442,2011,H11,Wang Tau Hom,1,H11,1601,3226,NA,4827,NA
ORIG442,2019,H11,Wang Tau Hom,1,H11,4518,3401,NA,7919,NA
ORIG442,2015,NA,Wang Tau Hom,1,H11,NA,1,NA,1,pro-establishment
ORIG443,2011,M20,Wang Yat,1,M20,987,NA,2416,3403,NA
ORIG443,2019,M33,Wang Yat,1,M33,NA,2849,5355,8204,NA
ORIG443,2015,NA,Wang Yat,1,M23,NA,1,NA,1,pro-establishment
ORIG444,2011,A15,Water Street,1,A15,1353,1241,463,3057,NA
ORIG444,2015,A15,Water Street,1,A15,1619,1878,NA,3497,NA
ORIG444,2019,A15,Water Street,1,A15,3093,2095,NA,5188,NA
ORIG445,2011,G16,Whampoa East,1,G16,1884,2236,NA,4120,NA
ORIG445,2015,G18,Whampoa East,1,G18,2041,2345,596,4982,NA
ORIG445,2019,G19,Whampoa East,1,G19,NA,3374,4595,7969,NA
ORIG447,2011,NA,Wo Che Estate,1,R03,NA,1,NA,1,pro-establishment
ORIG447,2015,R03,Wo Che Estate,1,R03,1602,2495,1185,5282,NA
ORIG447,2019,R03,Wo Che Estate,1,R03,4837,3175,174,8186,NA
ORIG448,2011,D15,Wong Chuk Hang,1,D15,2344,NA,1752,4096,NA
ORIG448,2015,D15,Wong Chuk Hang,1,D15,2645,2190,NA,4835,NA
ORIG448,2019,D15,Wong Chuk Hang,1,D15,3983,2893,NA,6876,NA
ORIG449,2011,NA,Wong Uk,1,R06,NA,1,NA,1,pro-establishment
ORIG449,2015,R06,Wong Uk,1,R06,NA,1936,2111,4047,NA
ORIG449,2019,R06,Wong Uk,1,R06,NA,2215,4440,6655,NA
ORIG451,2015,L17,Wu King,1,L17,NA,1454,1049,2503,NA
ORIG451,2019,L17,Wu King,1,L17,3724,1766,NA,5490,NA
ORIG451,2011,NA,Wu King,1,L17,NA,1,NA,1,pro-establishment
ORIG452,2011,C09,Yan Lam,1,C09,508,NA,3620,4128,NA
ORIG452,2019,C10,Yan Lam,1,C10,3982,NA,3649,7631,NA
ORIG452,2015,NA,Yan Lam,1,C09,NA,NA,1,1,independent
ORIG453,2011,N06,Yan Shing,1,N06,935,4791,NA,5726,NA
ORIG453,2019,N06,Yan Shing,1,N06,5939,4329,NA,10268,NA
ORIG453,2015,NA,Yan Shing,1,N06,NA,1,NA,1,pro-establishment
ORIG455,2011,Q16,Yan Ying,1,Q16,2221,1728,266,4215,NA
ORIG455,2015,Q18,Yan Ying,1,Q18,3283,2236,NA,5519,NA
ORIG455,2019,Q19,Yan Ying,1,Q19,5629,NA,3193,8822,NA
ORIG456,2011,M18,Yat Chak,1,M18,1735,1561,NA,3296,NA
ORIG456,2015,M21,Yat Chak,1,M21,NA,NA,4252,4252,NA
ORIG456,2019,M31,Yat Chak,1,M31,4454,2607,600,7661,NA
ORIG46,2011,R12,Chui Tin,1,R12,1153,1723,NA,2876,NA
ORIG46,2015,R12,Chui Tin,1,R12,2048,1675,NA,3723,NA
ORIG46,2019,R13,Chui Tin,1,R13,4552,2454,NA,7006,NA
ORIG464,2011,L06,Yau Oi North,1,L06,811,1785,NA,2596,NA
ORIG464,2015,L06,Yau Oi North,1,L06,1731,1616,92,3439,NA
ORIG464,2019,L06,Yau Oi North,1,L06,4074,2345,NA,6419,NA
ORIG465,2011,L05,Yau Oi South,1,L05,1449,1967,NA,3416,NA
ORIG465,2015,L05,Yau Oi South,1,L05,1057,2085,NA,3142,NA
ORIG465,2019,L05,Yau Oi South,1,L05,3954,2279,NA,6233,NA
ORIG467,2011,J23,Yau Tong West,1,J23,779,NA,3229,4008,NA
ORIG467,2019,J26,Yau Tong West,1,J26,NA,NA,7394,7394,NA
ORIG467,2015,NA,Yau Tong West,1,J24,NA,NA,1,1,independent
ORIG468,2011,F19,Yau Yat Tsuen,1,F19,555,1451,NA,2006,NA
ORIG468,2015,F21,Yau Yat Tsuen,1,F21,982,2277,NA,3259,NA
ORIG468,2019,F24,Yau Yat Tsuen,1,F24,NA,2391,2487,4878,NA
ORIG469,2011,P06,Yee Fu,1,P06,3864,1992,NA,5856,NA
ORIG469,2015,P06,Yee Fu,1,P06,4148,1607,NA,5755,NA
ORIG469,2019,P06,Yee Fu,1,P06,6028,NA,2479,8507,NA
ORIG47,2011,H15,Chuk Yuen North,1,H15,1660,NA,3261,4921,NA
ORIG47,2015,H15,Chuk Yuen North,1,H15,1206,NA,2799,4005,NA
ORIG47,2019,H15,Chuk Yuen North,1,H15,4221,NA,3384,7605,NA
ORIG474,2015,NA,Yu Yan,1,R35,NA,1,NA,1,pro-establishment
ORIG474,2011,R33,Yu Yan,1,R33,885,2737,NA,3622,NA
ORIG474,2019,R37,Yu Yan,1,R37,4691,3578,NA,8269,NA
ORIG475,2015,NA,Yue Shing,1,R05,NA,1,NA,1,pro-establishment
ORIG475,2011,R05,Yue Shing,1,R05,743,2903,NA,3646,NA
ORIG475,2019,R05,Yue Shing,1,R05,4406,2668,NA,7074,NA
ORIG476,2015,C34,Yue Wan,1,C34,NA,1863,2026,3889,NA
ORIG476,2019,C34,Yue Wan,1,C34,NA,2374,4040,6414,NA
ORIG476,2011,NA,Yue Wan,1,C36,NA,1,NA,1,pro-establishment
ORIG48,2011,H14,Chuk Yuen South,1,H14,2748,1573,NA,4321,NA
ORIG48,2015,H14,Chuk Yuen South,1,H14,3056,1107,NA,4163,NA
ORIG48,2019,H14,Chuk Yuen South,1,H14,3838,2576,NA,6414,NA
ORIG480,2011,J28,Yuet Wah,1,J28,NA,NA,3157,3157,NA
ORIG480,2015,J29,Yuet Wah,1,J29,NA,NA,3501,3501,NA
ORIG480,2019,J32,Yuet Wah,1,J32,2969,NA,2557,5526,NA
ORIG481,2011,L15,Yuet Wu,1,L15,NA,1904,1597,3501,NA
ORIG481,2015,L15,Yuet Wu,1,L15,1682,2073,NA,3755,NA
ORIG481,2019,L15,Yuet Wu,1,L15,4419,2415,141,6975,NA
ORIG482,2011,M16,Yuet Yan,1,M16,866,1911,NA,2777,NA
ORIG482,2019,M28,Yuet Yan,1,M28,3416,NA,2837,6253,NA
ORIG482,2015,NA,Yuet Yan,1,M19,NA,NA,1,1,independent
ORIG5,2019,D02,Ap Lei Chau Estate,1,D02,3092,NA,3274,6366,NA
ORIG5,2011,NA,Ap Lei Chau Estate,1,D02,NA,1,NA,1,pro-establishment
ORIG5,2015,NA,Ap Lei Chau Estate,1,D02,NA,NA,1,1,independent
ORIG50,2011,R10,Chun Fung,1,R10,2285,1513,NA,3798,NA
ORIG50,2015,R10,Chun Fung,1,R10,3724,1578,NA,5302,NA
ORIG50,2019,R11,Chun Fung,1,R11,4732,2174,43,6949,NA
ORIG51,2011,NA,Chun Ma,1,R22,NA,NA,1,1,independent
ORIG51,2015,R23,Chun Ma,1,R23,NA,1169,1806,2975,NA
ORIG51,2019,R24,Chun Ma,1,R24,2611,1211,1355,5177,NA
ORIG53,2011,M26,Chung Pak,1,M26,349,1894,391,2634,NA
ORIG53,2019,M26,Chung Pak,1,M26,3249,NA,2591,5840,NA
ORIG53,2015,M30,Chung Pak,1,M30,1380,2078,NA,3458,NA
ORIG55,2011,NA,Chung Ting,1,P03,NA,1,NA,1,pro-establishment
ORIG55,2019,P02,Chung Ting,1,P02,4454,2503,NA,6957,NA
ORIG55,2015,P03,Chung Ting,1,P03,1810,1881,NA,3691,NA
ORIG57,2011,A01,Chung Wan,1,A01,1047,800,NA,1847,NA
ORIG57,2015,A01,Chung Wan,1,A01,1090,NA,940,2030,NA
ORIG57,2019,A01,Chung Wan,1,A01,1618,NA,1319,2937,NA
ORIG58,2019,C18,City Garden,1,C18,NA,NA,5954,5954,NA
ORIG58,2011,C19,City Garden,1,C19,1030,NA,2160,3190,NA
ORIG58,2015,NA,City Garden,1,C17,NA,NA,1,1,independent
ORIG59,2015,NA,City One,1,R04,NA,1,NA,1,pro-establishment
ORIG59,2011,R04,City One,1,R04,1582,NA,3060,4642,NA
ORIG59,2019,R04,City One,1,R04,7875,NA,NA,7875,NA
ORIG6,2011,D03,Ap Lei Chau North,1,D03,NA,NA,2368,2368,NA
ORIG6,2015,D03,Ap Lei Chau North,1,D03,NA,NA,2311,2311,NA
ORIG6,2019,D03,Ap Lei Chau North,1,D03,3136,NA,1932,5068,NA
ORIG60,2011,K04,Clague Garden,1,K04,630,2072,NA,2702,NA
ORIG60,2015,K04,Clague Garden,1,K04,NA,1825,1550,3375,NA
ORIG60,2019,K06,Clague Garden,1,K06,2797,2730,NA,5527,NA
ORIG62,2011,T06,Discovery Bay,1,T06,863,708,NA,1571,NA
ORIG62,2015,T06,Discovery Bay,1,T06,1176,NA,973,2149,NA
ORIG62,2019,T07,Discovery Bay,1,T07,2072,NA,1132,3204,NA
ORIG63,2011,K06,Discovery Park,1,K06,2002,2256,NA,4258,NA
ORIG63,2015,K06,Discovery Park,1,K06,2020,3674,NA,5694,NA
ORIG63,2019,K08,Discovery Park,1,K08,4498,3804,NA,8302,NA
ORIG69,2011,C13,Fei Tsui,1,C13,2309,1268,NA,3577,NA
ORIG69,2015,C13,Fei Tsui,1,C13,2314,NA,1911,4225,NA
ORIG69,2019,C14,Fei Tsui,1,C14,3591,2742,NA,6333,NA
ORIG71,2019,C20,Fort Street,1,C20,2464,2405,NA,4869,NA
ORIG71,2011,NA,Fort Street,1,C21,NA,1,NA,1,pro-establishment
ORIG71,2015,NA,Fort Street,1,C19,NA,1,NA,1,pro-establishment
ORIG72,2019,C17,Fortress Hill,1,C17,3596,NA,2634,6230,NA
ORIG72,2011,NA,Fortress Hill,1,C17,NA,1,NA,1,pro-establishment
ORIG72,2015,NA,Fortress Hill,1,C16,NA,NA,1,1,independent
ORIG75,2011,P05,Fu Heng,1,P05,1966,2020,NA,3986,NA
ORIG75,2015,P05,Fu Heng,1,P05,NA,1417,3716,5133,NA
ORIG75,2019,P05,Fu Heng,1,P05,NA,2700,5596,8296,NA
ORIG76,2011,Q11,Fu Kwan,1,Q11,NA,522,2709,3231,NA
ORIG76,2015,Q12,Fu Kwan,1,Q12,NA,NA,3801,3801,NA
ORIG76,2019,Q12,Fu Kwan,1,Q12,4948,3123,NA,8071,NA
ORIG78,2011,P07,Fu Ming Sun,1,P07,2780,1458,NA,4238,NA
ORIG78,2015,P07,Fu Ming Sun,1,P07,3147,1122,NA,4269,NA
ORIG78,2019,P07,Fu Ming Sun,1,P07,4670,1962,NA,6632,NA
ORIG79,2011,NA,Fu Nam,1,Q20,NA,1,NA,1,pro-establishment
ORIG79,2015,Q22,Fu Nam,1,Q22,2113,2207,NA,4320,NA
ORIG79,2019,Q24,Fu Nam,1,Q24,4743,3606,NA,8349,NA
ORIG8,2011,A09,Belcher,1,A09,2136,1968,NA,4104,NA
ORIG8,2015,A09,Belcher,1,A09,2328,NA,2397,4725,NA
ORIG8,2019,A09,Belcher,1,A09,4002,NA,3597,7599,NA
ORIG83,2011,M17,Fu Yan,1,M17,1700,1838,NA,3538,NA
ORIG83,2015,M20,Fu Yan,1,M20,1339,2819,NA,4158,NA
ORIG83,2019,M30,Fu Yan,1,M30,4325,3557,NA,7882,NA
ORIG84,2011,K05,Fuk Loi,1,K05,869,2511,NA,3380,NA
ORIG84,2019,K09,Fuk Loi,1,K09,2351,2871,226,5448,NA
ORIG84,2015,NA,Fuk Loi,1,K05,NA,1,NA,1,pro-establishment
ORIG87,2011,H05,Fung Tak,1,H05,NA,2498,2118,4616,NA
ORIG87,2015,H05,Fung Tak,1,H05,NA,2766,2168,4934,NA
ORIG87,2019,H05,Fung Tak,1,H05,4396,3436,NA,7832,NA
ORIG89,2011,H04,Fung Wong,1,H04,309,803,1322,2434,NA
ORIG89,2015,H04,Fung Wong,1,H04,NA,1422,1675,3097,NA
ORIG89,2019,H04,Fung Wong,1,H04,2882,NA,1831,4713,NA
ORIG90,2011,S22,Greenfield,1,S22,1650,NA,2548,4198,NA
ORIG90,2015,S22,Greenfield,1,S22,NA,NA,4045,4045,NA
ORIG90,2019,S24,Greenfield,1,S24,NA,NA,8138,8138,NA
ORIG91,2011,F18,Ha Pak Tin,1,F18,4007,NA,NA,4007,NA
ORIG91,2015,F20,Ha Pak Tin,1,F20,1152,NA,2320,3472,NA
ORIG91,2019,F23,Ha Pak Tin,1,F23,NA,1952,3683,5635,NA
ORIG92,2015,M14,Ha Tsuen,1,M14,NA,NA,2986,2986,NA
ORIG92,2019,M15,Ha Tsuen,1,M15,2091,NA,2937,5028,NA
ORIG92,2011,NA,Ha Tsuen,1,M11,NA,NA,1,1,independent
ORIG94,2011,NA,Hang Hau East,1,Q04,NA,1,NA,1,pro-establishment
ORIG94,2015,Q04,Hang Hau East,1,Q04,NA,NA,1772,1772,NA
ORIG94,2019,Q04,Hang Hau East,1,Q04,1850,NA,1882,3732,NA
ORIG95,2011,NA,Hang Hau West,1,Q05,NA,1,NA,1,pro-establishment
ORIG95,2015,Q05,Hang Hau West,1,Q05,NA,1397,1027,2424,NA
ORIG95,2019,Q05,Hang Hau West,1,Q05,3089,2078,NA,5167,NA
ORIG96,2011,B08,Happy Valley,1,B08,748,1422,NA,2170,NA
ORIG96,2015,B10,Happy Valley,1,B10,NA,NA,2277,2277,NA
ORIG96,2019,B10,Happy Valley,1,B10,1954,NA,2012,3966,NA
ORIG97,2011,Q19,Hau Tak,1,Q19,1706,2260,NA,3966,NA
ORIG97,2015,Q21,Hau Tak,1,Q21,2261,2679,NA,4940,NA
ORIG97,2019,Q23,Hau Tak,1,Q23,5244,3579,NA,8823,NA
ORIG98,2019,C23,Healthy Village,1,C23,2971,2609,NA,5580,NA
ORIG98,2011,NA,Healthy Village,1,C24,NA,1,NA,1,pro-establishment
ORIG98,2015,NA,Healthy Village,1,C22,NA,1,NA,1,pro-establishment
ORIG99,2011,C07,Heng Fa Chuen,1,C07,1925,2577,NA,4502,NA
ORIG99,2015,C07,Heng Fa Chuen,1,C07,NA,3642,2635,6277,NA
ORIG99,2019,C08,Heng Fa Chuen,1,C08,NA,4114,5323,9437,NA